dataset,spectrum_id,query_id,model,status,native_or_fallback,true_inchikey,true_smiles,true_formula,precursor_mz,ion_mode,adduct,collision_energy,candidate_count,true_rank,top1_correct,top5_correct,top10_correct,reciprocal_rank,top1_candidate_smiles,top1_candidate_inchikey,top1_score,top1_tanimoto,formula_correct,error_message
CASMI2022,0,0,FragAnnotor-trained-neural,completed,trained_neural_checkpoint_report_only,CASMI_MOL_1196787,COc1ccc(-c2oc3c(CC=C(C)C)c(O)cc(O)c3c(=O)c2OC2OC(C)C(OC(C)=O)C(OC3OC(CO)C(O)C(O)C3O)C2O)cc1,C35H42O16,719.253866983956,positive,[M+H]+,,1241,654,False,False,False,0.0015290519877675841,CCCn1c(C)c(O)n(-c2ccc(N3CCN(c4ccc(OCC5COC(Cn6ccnc6)(c6ccc(Cl)cc6Cl)O5)cc4)CC3)cc2)c1=O,CASMI_MOL_1083,0.20613524317741394,0.1111111111111111,False,
CASMI2022,1,1,FragAnnotor-trained-neural,completed,trained_neural_checkpoint_report_only,CASMI_MOL_1196788,CC(C)CC(O)C(=O)NC(C(=O)OC(C(=O)NC(CC(C)C)C(=O)O)C(C)C)C(C)C,C22H40N2O7,467.272376926512,positive,[M+Na]+,,2001,13,False,False,False,0.07692307692307693,CC(C)C(O)C(=O)N(C)C(C(=O)OC(C(=O)N(C)C(C(=O)O)C(C)C)C(C)C)C(C)C,CASMI_MOL_1449,0.044610653072595596,0.3090909090909091,True,
CASMI2022,2,2,FragAnnotor-trained-neural,completed,trained_neural_checkpoint_report_only,CASMI_MOL_1196789,CC(=O)OC12CC(C)C(O)C1C=C(C)C(OC(=O)CCC(=O)O)CC1C(=CC(C)C2=O)C1(C)C,C26H36O8,499.229625521457,positive,[M+Na]+,,2001,1083,False,False,False,0.0009233610341643582,CCOC(CN(c1ccc(S(=O)(=O)Nc2nc(C)cc(C)n2)cc1)C1CCCCC1)OCC,CASMI_MOL_4681,0.4516996443271637,0.10101010101010101,False,
CASMI2022,3,3,FragAnnotor-trained-neural,completed,trained_neural_checkpoint_report_only,CASMI_MOL_1196790,CN(C)CCc1c[nH]c2ccc(CS(=O)(=O)N3CCCC3)cc12,C17H25N3O2S,336.173416402974,positive,[M+H]+,,2001,1300,False,False,False,0.0007692307692307692,FC(F)(F)C12CC(NNC(=S)NC3CCCCCCC3)(C1)C2,CASMI_MOL_10908,0.0505559965968132,0.04054054054054054,False,
CASMI2022,4,4,FragAnnotor-trained-neural,completed,trained_neural_checkpoint_report_only,CASMI_MOL_1196791,Cn1c(CNc2ccc(C(=N)N)cc2)nc2cc(C(=O)N(CCC(=O)O)c3ccccn3)ccc21,C25H25N7O3,472.208379934413,positive,[M+H]+,,2001,1980,False,False,False,0.000505050505050505,C=NC(CC(=NC)c1ccnc(NCCCn2ccnc2)c1)=Nc1ccc(OC(F)(F)F)cc1,CASMI_MOL_19400,0.1821494847536087,0.14414414414414414,False,
CASMI2022,5,5,FragAnnotor-trained-neural,completed,trained_neural_checkpoint_report_only,CASMI_MOL_1196792,CCCC(=O)OCC(OC(=O)CCC)C(OC(=O)CCC)C(Cn1c2nc(=O)[nH]c(=O)c-2nc2cc(C)c(C)cc21)OC(=O)CCC,C33H44N4O10,657.311672306106,positive,[M+H]+,,1074,373,False,False,False,0.002680965147453083,COc1cc2c(cc1OC)C(c1cc(OC)c(OC)cc1-c1cc(OC)c(OC)cc1C1NCCc3cc(OC)c(OC)cc31)NCC2,CASMI_MOL_26322,0.0944381058216095,0.07228915662650602,False,
CASMI2022,6,6,FragAnnotor-trained-neural,completed,trained_neural_checkpoint_report_only,CASMI_MOL_1196793,CC1CCC2(C(=O)O)CCC3(C)C(=CCC4C5(C)CC(O)C(O)C(C)(C(=O)O)C5CCC43C)C2C1(C)O,C30H46O7,519.33115928565,positive,[M+H]+,,1524,541,False,False,False,0.0018484288354898336,C=C1CCC(CCCCCCCC=C(C)C)C1CC1OC1C(OC(C)=O)=C(C)C(OC(C)=O)C(=O)OC,CASMI_MOL_27992,0.23670026659965515,0.08333333333333333,True,
CASMI2022,7,7,FragAnnotor-trained-neural,completed,trained_neural_checkpoint_report_only,CASMI_MOL_1196794,CCC1(C)C(=O)C=Cc2c1oc(C)c(C)c2=O,C14H16O3,233.116974574285,positive,[M+H]+,,2001,183,False,False,False,0.00546448087431694,Cc1oc2ccccc2c1C(C(=O)O)C(C)C,CASMI_MOL_30377,0.08060465008020401,0.14285714285714285,True,
CASMI2022,8,8,FragAnnotor-trained-neural,completed,trained_neural_checkpoint_report_only,CASMI_MOL_1196795,CC1(C(O)COC2OC(CO)C(O)C(O)C2O)CCC2C3(C)CCCC(C)(C(=O)O)C3CC(O)C2(O)C1,C26H44O11,555.276974904429,positive,[M+Na]+,,1910,102,False,False,False,0.00980392156862745,COCCOCCOCCOCCOCCOCCOCCOCCOCCOCCOCCS,CASMI_MOL_36288,0.050896406173706055,0.04,False,
CASMI2022,9,9,FragAnnotor-trained-neural,completed,trained_neural_checkpoint_report_only,CASMI_MOL_1196796,Cc1ccc(C2(c3ccc(C)c(O)c3)OC(=O)c3ccccc32)cc1O,C22H18O4,347.12743382156,positive,[M+H]+,,2001,99,False,False,False,0.010101010101010102,CS(=O)(=O)NC1CCCN(c2[nH]cnc3cnc4nccc4c23)C1,CASMI_MOL_39299,0.2720637619495392,0.06097560975609756,False,
CASMI2022,10,10,FragAnnotor-trained-neural,completed,trained_neural_checkpoint_report_only,CASMI_MOL_1196797,Cc1cc(SCc2sc(-c3ccc(C(F)(F)F)cc3)nc2C)ccc1OCC(=O)O,C21H18F3NO3S2,454.07482453927,positive,[M+H]+,,2001,1056,False,False,False,0.000946969696969697,O=C(NC(Cc1ccc(OC(F)(F)F)cc1)C(=O)O)c1sccc1-c1ccc(F)cc1,CASMI_MOL_46008,0.053646594285964966,0.1797752808988764,False,
CASMI2022,11,11,FragAnnotor-trained-neural,completed,trained_neural_checkpoint_report_only,CASMI_MOL_1196798,CCCc1nn(C)c2c(=O)[nH]c(-c3cc(S(=O)(=O)N4CCN(CC)CC4)ccc3OCC)nc12,C23H32N6O4S,489.226761835099,positive,[M+H]+,,2001,361,False,False,False,0.002770083102493075,C=CC1CCN(C(=O)C(NC(=O)C(F)(F)F)C(C)(C)C)C1C(=O)NC(CC1CC1)C(=O)C(N)=O,CASMI_MOL_48979,0.09637892991304398,0.061946902654867256,False,
CASMI2022,12,12,FragAnnotor-trained-neural,completed,trained_neural_checkpoint_report_only,CASMI_MOL_1196799,CC(C)NC(=O)CCc1ccccc1,C12H17NO,192.138122780028,positive,[M+H]+,,2001,1732,False,False,False,0.0005773672055427252,CCCC(=O)c1cncc(C(C)C)c1,CASMI_MOL_56167,0.09935043752193451,0.2127659574468085,True,
CASMI2022,13,13,FragAnnotor-trained-neural,completed,trained_neural_checkpoint_report_only,CASMI_MOL_1196800,CC(=O)OC(C1CC(C)C(C2(C)CCC34CC35CCC(OC3OCC(O)C(O)C3O)C(C)(C)C5CCC4C2(C)C(=O)O)C(=O)O1)C(C)(C)O,C37H58O12,717.380089098989,positive,[M+Na]+,,548,10,False,False,True,0.1,CC1OC2CC(OC(C)C(=O)OCOC(=O)C(C)OC3CCC(OC(C)C(=O)OCOC1=O)C1CCC3C(C)C1C)C1CC2C(C)CC1C,CASMI_MOL_65061,0.03177584707736969,0.12244897959183673,True,
CASMI2022,14,14,FragAnnotor-trained-neural,completed,trained_neural_checkpoint_report_only,CASMI_MOL_1196801,COc1ccc(C(O)C(C)Oc2ccc(C3OC(c4ccc5c(c4)OCO5)C(C)C3C)cc2OC)cc1O,C30H34O8,545.213786033657,positive,[M+Na]+,,2001,214,False,False,False,0.004672897196261682,CC(C)CC(C(=O)N1CCC2C1C(=O)CN2C(=O)c1cccs1)c1cc(N2CCCC2)ccc1C(N)=O,CASMI_MOL_65755,0.058187276124954224,0.10185185185185185,False,
CASMI2022,15,15,FragAnnotor-trained-neural,completed,trained_neural_checkpoint_report_only,CASMI_MOL_1196802,CCCc1nn(C)c2c(=O)[nH]c(-c3cc(S(=O)(=O)N4CCN(CCO)CC4)ccc3OCC)nc12,C23H32N6O5S,505.221679905913,positive,[M+H]+,,2001,632,False,False,False,0.0015822784810126582,CC(C)(C)OC(=O)C1(c2ccc(CCC(=O)Nc3ccc(-c4ccc(Cl)cc4)cc3)cc2)CC1(C)N,CASMI_MOL_70778,0.2571240961551666,0.09174311926605505,False,
CASMI2022,16,16,FragAnnotor-trained-neural,completed,trained_neural_checkpoint_report_only,CASMI_MOL_1196803,CCCCCCCCCCCCN(CCCCCCCCCCCC)CCCCCCCCCCCC,C36H75N,522.596526377514,positive,[M+H]+,,103,43,False,False,False,0.023255813953488372,CCC(C)(C)CCCC(C)(C)CC(CC(C)(C)CCCC(C)(C)CC(C)C)C(C)(C)CCCC(C)(C)N,CASMI_MOL_74488,0.030349932610988617,0.0975609756097561,True,
CASMI2022,17,17,FragAnnotor-trained-neural,completed,trained_neural_checkpoint_report_only,CASMI_MOL_1196804,CC1=C(C(=O)O)CC2(C)CCC3C(C)(O)CCC132,C15H22O3,251.163916083717,positive,[M+H]+,,2001,1267,False,False,False,0.0007892659826361484,CCC(c1c(O)cc(C)oc1=O)C1CCCCC1,CASMI_MOL_76422,0.10487006604671478,0.14516129032258066,True,
CASMI2022,18,18,FragAnnotor-trained-neural,completed,trained_neural_checkpoint_report_only,CASMI_MOL_1196806,CCCc1oc(=O)ccc1C(O)CO,C10H14O4,199.096388145119,positive,[M+H]+,,2001,39,False,False,False,0.02564102564102564,CCC(C(=O)O)c1c(C)oc(C)c1O,CASMI_MOL_85037,0.13961803913116455,0.1836734693877551,True,
CASMI2022,19,19,FragAnnotor-trained-neural,completed,trained_neural_checkpoint_report_only,CASMI_MOL_1196807,CC=C(C)c1cc(OC)c(C)c(=O)o1,C11H14O3,217.083237930105,positive,[M+Na]+,,2001,1186,False,False,False,0.0008431703204047217,C=CC(=C(C=O)C=CC)C1OCCO1,CASMI_MOL_91309,0.09077982604503632,0.11320754716981132,True,
CASMI2022,20,20,FragAnnotor-trained-neural,completed,trained_neural_checkpoint_report_only,CASMI_MOL_1196808,CC1CCC2(C(=O)OC3OC(CO)C(O)C(O)C3O)CCC3(C)C(=CCC4C5(C)CCC(OC6OCC(O)C(O)C6O)C(C)(CO)C5CCC43C)C2C1(C)O,C41H66O14,805.433242169646,positive,[M+Na]+,,405,56,False,False,False,0.017857142857142856,CC1CC(C2OC2(C)C)OC2(O)C1C1(C)CCC34CC35CCC(OC3OCC(O)C(OC6OC(CO)C(O)C(O)C6O)C3O)C(C)(C)C5CCC4C1(C)C2O,CASMI_MOL_98812,0.048590295016765594,0.3418803418803419,True,
CASMI2022,21,21,FragAnnotor-trained-neural,completed,trained_neural_checkpoint_report_only,CASMI_MOL_1196809,COC(=O)c1cc(OC)c2c(c1-c1c(C(=O)OC)cc(OC)c3c1OCO3)OCO2,C20H18O10,419.096457918953,positive,[M+H]+,,2001,247,False,False,False,0.004048582995951417,COCCOCCOc1ccc(-c2ccsc2-c2scc3c2OCCO3)cc1,CASMI_MOL_100444,0.06329238414764404,0.14492753623188406,False,
CASMI2022,22,22,FragAnnotor-trained-neural,completed,trained_neural_checkpoint_report_only,CASMI_MOL_1196810,COc1cc(O)c2c(=O)oc(C)c(C)c2c1C,C13H14O4,235.09602715843,positive,[M+H]+,,2001,593,False,False,False,0.0016863406408094434,C=CC(=CC=CC)Oc1coc(CO)cc1=O,CASMI_MOL_106918,0.3541512191295624,0.16393442622950818,True,
CASMI2022,23,23,FragAnnotor-trained-neural,completed,trained_neural_checkpoint_report_only,CASMI_MOL_1196811,CC(=CC(=O)O)CCC1(C)C(C)CCC2(C)C(C)=CCCC21,C20H32O2,305.24715503306,positive,[M+H]+,,2001,1195,False,False,False,0.0008368200836820083,CN1CCN(C(=NCC(C)(C)CN)Nc2cccnc2)CC1,CASMI_MOL_114387,0.361569881439209,0.0975609756097561,False,
CASMI2022,24,24,FragAnnotor-trained-neural,completed,trained_neural_checkpoint_report_only,CASMI_MOL_1196813,COc1cc2nccc3c4ccccc4n(c1=O)c23,C15H10N2O2,251.081286729391,positive,[M+H]+,,2001,884,False,False,False,0.0011312217194570137,O=NC(=O)N1c2ccccc2C=Cc2ccccc21,CASMI_MOL_118492,0.17388074100017548,0.14545454545454545,True,
CASMI2022,25,25,FragAnnotor-trained-neural,completed,trained_neural_checkpoint_report_only,CASMI_MOL_1196814,CCC(O)C(O)CC=CCC=CCCCC(N)=O,C14H25NO3,256.190347458289,positive,[M+H]+,,2001,1141,False,False,False,0.0008764241893076249,C=CCOCCC(=O)OC(C)(C)C1CCNCC1,CASMI_MOL_124141,0.3606557846069336,0.11290322580645161,True,
CASMI2022,26,26,FragAnnotor-trained-neural,completed,trained_neural_checkpoint_report_only,CASMI_MOL_1196815,C=c1[nH]cc(CO)c(=CNNC(=O)c2ccncc2)c1=O,C14H14N4O3,287.113248407357,positive,[M+H]+,,2001,444,False,False,False,0.0022522522522522522,CNc1nc(O)c(C(C=NO)c2c[nH]c3ccccc23)o1,CASMI_MOL_134319,0.15535539388656616,0.15384615384615385,True,
CASMI2022,27,27,FragAnnotor-trained-neural,completed,trained_neural_checkpoint_report_only,CASMI_MOL_1196816,COc1cc2c(cc1OC)CN(CCc1ccc(NC(=O)c3cccc4c(=O)c5cccc(OC)c5[nH]c34)cc1)CC2,C34H33N3O5,564.248474121094,positive,[M+H]+,,2001,1576,False,False,False,0.0006345177664974619,CC(CO)C(O)C(O)C(O)C(O)OC1C(OC2C(OCCN)OC(CO)C(O)C2O)OC(CO)C(O)C1O,CASMI_MOL_141657,0.10437050461769104,0.05714285714285714,False,
CASMI2022,28,28,FragAnnotor-trained-neural,completed,trained_neural_checkpoint_report_only,CASMI_MOL_1196817,CC(C)(Cc1c[nH]c2ccccc12)NCC(O)COc1ccccc1C#N,C22H25N3O2,386.18316740815,positive,[M+Na]+,,2001,1768,False,False,False,0.0005656108597285068,Nc1cc2c(N)c(N)c3c(N)c(N)c4c(N)c(N)c(N)cc4c3c2cc1N,CASMI_MOL_145797,0.05763307586312294,0.04285714285714286,False,
CASMI2022,29,29,FragAnnotor-trained-neural,completed,trained_neural_checkpoint_report_only,CASMI_MOL_1196818,CC(=O)NC(CSCC(=O)C12CC(C)(C)CC1=CC(C(=O)O)C2CC(=O)O)C(=O)O,C20H27NO8S,442.152698645402,positive,[M+H]+,,2001,549,False,False,False,0.0018214936247723133,COCOCOCOc1cc2c(cc1OCOCOCOC)SC1C=CC=CC1N2,CASMI_MOL_154976,0.14784421026706696,0.056818181818181816,True,
CASMI2022,30,30,FragAnnotor-trained-neural,completed,trained_neural_checkpoint_report_only,CASMI_MOL_1196819,O=C(O)CCCCCCCC(O)C(O)CCCC(=O)O,C14H26O6,313.162104668711,positive,[M+Na]+,,2001,248,False,False,False,0.004032258064516129,CCCCC(=O)C(=O)C(O)C(O)C(O)C(O)CCCC,CASMI_MOL_163166,0.045103948563337326,0.2972972972972973,True,
CASMI2022,31,31,FragAnnotor-trained-neural,completed,trained_neural_checkpoint_report_only,CASMI_MOL_1196820,CN(C(=O)c1ccc(C(C)(C)C)cc1)c1ccccc1,C18H21NO,268.169176279556,positive,[M+H]+,,2001,1428,False,False,False,0.0007002801120448179,C=CC=CC(=CC=C)N1COC(C=C)=C(C=CC=C)C1,CASMI_MOL_172589,0.07607852667570114,0.04838709677419355,True,
CASMI2022,32,32,FragAnnotor-trained-neural,completed,trained_neural_checkpoint_report_only,CASMI_MOL_1196821,COc1ccc(-c2oc3c(OC)c(OC)c(OC)c(OC)c3c(=O)c2OC2OC(CO)C(O)C(O)C2O)cc1OC,C27H32O14,603.167435039183,positive,[M+Na]+,,2001,247,False,False,False,0.004048582995951417,CC1OC(c2c(O)c(C3OC(CO)C(O)C(O)C3O)c(O)c3c2OC(c2ccc(O)cc2)CC3=O)C(O)C(O)C1O,CASMI_MOL_182764,0.07490982860326767,0.23595505617977527,True,
CASMI2022,33,33,FragAnnotor-trained-neural,completed,trained_neural_checkpoint_report_only,CASMI_MOL_1196822,N#CC=C1C=CC(O)CC1OC1OC(CO)C(O)C(O)C1O,C14H19NO7,336.10484867596,positive,[M+Na]+,,2001,119,False,False,False,0.008403361344537815,CN(CCO)CCOCC(O)c1cc2ccsc2cc1F,CASMI_MOL_185928,0.04978349432349205,0.07142857142857142,False,
CASMI2022,34,34,FragAnnotor-trained-neural,completed,trained_neural_checkpoint_report_only,CASMI_MOL_1196823,CCC(C)=NO,C4H9NO,88.075645446777,positive,[M+H]+,,457,126,False,False,False,0.007936507936507936,C1COCCN1,CASMI_MOL_193090,0.04304482042789459,0.043478260869565216,True,
CASMI2022,35,35,FragAnnotor-trained-neural,completed,trained_neural_checkpoint_report_only,CASMI_MOL_1196824,CCC1OC(=O)C(C)C(=O)C(C)C(OC2OC(C)CC(N(C)C)C2O)C(C)(OC)CC(C)C(=O)C(C)C2N(CCCCn3cnc(-c4cccnc4)c3)C(=O)OC12C,C43H65N5O10,812.47884213126,positive,[M+H]+,,233,121,False,False,False,0.008264462809917356,CCC1OC(=O)CC(O)C(C)C(OC2OC(C)C(O)C(N(C)C)C2O)C(C=CCC(C)=O)CC(C)C(=O)C=CC(C)=CC1COC1OC(C)C(O)C(OC)C1OC,CASMI_MOL_193262,0.15499521791934967,0.17532467532467533,False,
CASMI2022,36,36,FragAnnotor-trained-neural,completed,trained_neural_checkpoint_report_only,CASMI_MOL_1196825,COc1cc2nccc(Oc3ccc(NC(=O)NC4CC4)c(Cl)c3)c2cc1C(N)=O,C21H19ClN4O4,449.098083496094,positive,[M+Na]+,,2001,1552,False,False,False,0.0006443298969072165,O=C(CCn1c(O)c2c(c1O)CC=CC2)N1CCc2sccc2C1c1cccs1,CASMI_MOL_194882,0.03381912410259247,0.0784313725490196,False,
CASMI2022,37,37,FragAnnotor-trained-neural,completed,trained_neural_checkpoint_report_only,CASMI_MOL_1196826,CC12CCOC1C1C(=O)CC3C(C)(C(=O)O)CCCC3(C)C1CC2,C20H30O4,335.220961257905,positive,[M+H]+,,2001,317,False,False,False,0.0031545741324921135,C=C1C(=O)OC(C=C(C)CCC=C(C)CCCC(C)=O)C1CCO,CASMI_MOL_200356,0.324918657541275,0.09876543209876543,True,
CASMI2022,38,38,FragAnnotor-trained-neural,completed,trained_neural_checkpoint_report_only,CASMI_MOL_1196827,CC(C)=CCCC(=CC=CC(C)CC(=O)O)C(=O)O,C15H22O4,267.158658505007,positive,[M+H]+,,2001,100,False,False,False,0.01,CC(C)CCC(=O)c1c(O)cc(C(C)(C)C)oc1=O,CASMI_MOL_210416,0.3001234829425812,0.14754098360655737,True,
CASMI2022,39,39,FragAnnotor-trained-neural,completed,trained_neural_checkpoint_report_only,CASMI_MOL_1196829,Cn1ccccc1=O,C6H7NO,110.059909596967,positive,[M+H]+,,859,781,False,False,False,0.0012804097311139564,N#CC12CCCC1O2,CASMI_MOL_218557,0.041864000260829926,0.0,True,
CASMI2022,40,40,FragAnnotor-trained-neural,completed,trained_neural_checkpoint_report_only,CASMI_MOL_1196830,CC(C)Nc1cccnc1N1CCN(C(=O)c2cc3cc(NS(C)(=O)=O)ccc3[nH]2)CC1,C22H28N6O3S,457.20099752921,positive,[M+H]+,,2001,1772,False,False,False,0.000564334085778781,CC(=O)n1cc(CCCCN2CCN(c3cccc4sccc34)CC2)c2cc(C#N)ccc21,CASMI_MOL_220754,0.12864850461483002,0.12844036697247707,False,
CASMI2022,41,41,FragAnnotor-trained-neural,completed,trained_neural_checkpoint_report_only,CASMI_MOL_1196831,O=C(c1ccc(Nc2nccc(-c3cc4ccccc4s3)n2)cc1)N1CCC(N2CCCC2)CC1,C28H29N5OS,484.216078579256,positive,[M+H]+,,2001,1256,False,False,False,0.0007961783439490446,CCOC(=O)C1=CN2C(c3ccc(F)cc3)Cc3cc(OCCCOC)c(OC)cc3C2CC1=O,CASMI_MOL_228381,0.02204049564898014,0.1,False,
CASMI2022,42,42,FragAnnotor-trained-neural,completed,trained_neural_checkpoint_report_only,CASMI_MOL_1196832,CCC1CC2CC3(C(=O)OC)c4[nH]c5ccccc5c4CCN(C2CC(C)=O)C13,C24H30N2O3,395.232386610341,positive,[M+H]+,,2001,1688,False,False,False,0.0005924170616113745,CCC1CCC2CC(C3CCC(c4cc(F)c(Cl)c(F)c4)CC3)CCC2C1,CASMI_MOL_233409,0.07388611137866974,0.12941176470588237,False,
CASMI2022,43,43,FragAnnotor-trained-neural,completed,trained_neural_checkpoint_report_only,CASMI_MOL_1196833,CC(C)=CCCC(=CCCC(C)=CCc1oc(O)cc1C)C(=O)O,C20H28O4,333.205381675245,positive,[M+H]+,,2001,527,False,False,False,0.0018975332068311196,O=c1cc(OCCCCCCCCCCCO)c2ccccc2o1,CASMI_MOL_242236,0.38679540157318115,0.1323529411764706,True,
CASMI2022,44,44,FragAnnotor-trained-neural,completed,trained_neural_checkpoint_report_only,CASMI_MOL_1196835,COc1cc(C(O)C(C)Oc2ccc(C3OC(c4ccc(OC(C)C(O)c5ccc(OC)c(OC)c5)c(OC)c4)C(C)C3C)cc2OC)ccc1O,C41H50O11,741.32297090863,positive,[M+Na]+,,1509,175,False,False,False,0.005714285714285714,CC1(C)c2ccccc2-c2ccc(-n3c4ccccc4c4cc(-c5ccc6c(c5)c5ccccc5n6-c5ccc6c(c5)C(C)(C)C5C=CC=CC65)ccc43)cc21,CASMI_MOL_250729,0.0830671638250351,0.08791208791208792,False,
CASMI2022,45,45,FragAnnotor-trained-neural,completed,trained_neural_checkpoint_report_only,CASMI_MOL_1196836,CC(O)CC(C)C(O)CCCCCCCCCCC(=O)O,C17H34O4,325.234513056476,positive,[M+Na]+,,2001,75,False,False,False,0.013333333333333334,CC(C)CC1(CC(C)C)OOC(C)(C)CCC(C)(C)OO1,CASMI_MOL_252181,0.039545685052871704,0.09090909090909091,True,
CASMI2022,46,46,FragAnnotor-trained-neural,completed,trained_neural_checkpoint_report_only,CASMI_MOL_1196837,Nc1cccc2cnccc12,C9H8N2,145.075823480782,positive,[M+H]+,,960,359,False,False,False,0.002785515320334262,Cn1ccn(CCF)c1=O,CASMI_MOL_254641,0.07431422173976898,0.07142857142857142,False,
CASMI2022,47,47,FragAnnotor-trained-neural,completed,trained_neural_checkpoint_report_only,CASMI_MOL_1196838,CC(C)c1cc(C(C)C)c(CC(=O)NS(=O)(=O)Oc2c(C(C)C)cccc2C(C)C)c(C(C)C)c1,C29H43NO4S,524.280733835452,positive,[M+Na]+,,1798,1462,False,False,False,0.0006839945280437756,CC(C)CC(NC(=O)C(N)CO)C(=O)NC(C)C(=O)NC(C)C(=O)NC(C)C(=O)NC(C)C(N)=O,CASMI_MOL_256556,0.05878487601876259,0.13636363636363635,False,
CASMI2022,48,48,FragAnnotor-trained-neural,completed,trained_neural_checkpoint_report_only,CASMI_MOL_1196839,C=C(C(=O)O)C1(O)CC2(C)C(=CC1=O)C=CC(OC(=O)C=CC(C)=CC(C)CC)C2C,C25H32O6,429.226698960775,positive,[M+H]+,,2001,1490,False,False,False,0.0006711409395973154,NCC(=O)c1ccc(CN(C(=O)N2CCCCC2)c2cccc(-c3cccnc3)c2)cc1,CASMI_MOL_257681,0.23724351823329926,0.07476635514018691,False,
CASMI2022,49,49,FragAnnotor-trained-neural,completed,trained_neural_checkpoint_report_only,CASMI_MOL_1196840,CC1CCC2(C(=O)OC3OC(CO)C(O)C(O)C3O)CCC3(C)C(=CCC4C5(C)CCC(O)C(C)(C)C5CCC43C)C2C1(C)O,C36H58O9,657.396600966236,positive,[M+Na]+,,729,100,False,False,False,0.01,CC1CCC2(C)CCC3(C)C(=CCC4(C)C3CCC3C(C)(C(=O)O)C(OC(=O)C(O)C(O)C(O)C(O)CO)CCC34C)C2C1C,CASMI_MOL_266683,0.05024244636297226,0.22018348623853212,True,
CASMI2022,50,50,FragAnnotor-trained-neural,completed,trained_neural_checkpoint_report_only,CASMI_MOL_1196841,NP(N)(=O)Oc1ccccc1,C6H9N2O2P,173.047241210938,positive,[M+H]+,,1506,971,False,False,False,0.0010298661174047373,c1cc2oc3nncnc3c2cn1,CASMI_MOL_266802,0.14322449266910553,0.06666666666666667,False,
CASMI2022,51,51,FragAnnotor-trained-neural,completed,trained_neural_checkpoint_report_only,CASMI_MOL_1196842,COC(=O)CC(C)(O)CC(=O)OCC1OC(Oc2c(-c3ccc(OC)c(OC)c3)oc3c(OC)c(OC)c(OC)c(OC)c3c2=O)C(O)C(O)C1O,C34H42O18,739.243161879911,positive,[M+H]+,,558,163,False,False,False,0.006134969325153374,OCC1OC(OC2C(OCC3OC(OC4C(OC5C(CO)OC(O)C5O)OC(CO)C4O)C(O)C3O)OC(CO)C(O)C2O)C(O)C(O)C1O,CASMI_MOL_268669,0.16464631259441376,0.19101123595505617,False,
CASMI2022,52,52,FragAnnotor-trained-neural,completed,trained_neural_checkpoint_report_only,CASMI_MOL_1196843,C=CC1C(OC2OC(CO)C(O)C(O)C2OC(=O)c2cccc(O)c2)OC=C2C(=O)OCCC21,C23H26O11,501.136066103961,positive,[M+Na]+,,2001,899,False,False,False,0.0011123470522803114,Cc1cc2oc(=O)c(C3=NN(c4ccccc4)C(c4ccc(C(F)(F)F)cc4)C3)c(O)c2cc1C,CASMI_MOL_270102,0.30210480093955994,0.10810810810810811,False,
CASMI2022,53,53,FragAnnotor-trained-neural,completed,trained_neural_checkpoint_report_only,CASMI_MOL_1196844,C=CCNCC=C,C6H11N,98.096313476563,positive,[M+H]+,,1206,1192,False,False,False,0.0008389261744966443,CCC1NC2CC12,CASMI_MOL_275616,0.05857624486088753,0.03571428571428571,True,
CASMI2022,54,54,FragAnnotor-trained-neural,completed,trained_neural_checkpoint_report_only,CASMI_MOL_1196845,O=C1Nc2ccccc2C1=Cc1c[nH]cn1,C12H9N3O,212.081565615679,positive,[M+H]+,,2001,87,False,False,False,0.011494252873563218,c1ccc(-c2cnoc2-c2cc[nH]c2)nc1,CASMI_MOL_277728,0.16223233938217163,0.1896551724137931,True,
CASMI2022,55,55,FragAnnotor-trained-neural,completed,trained_neural_checkpoint_report_only,CASMI_MOL_1196846,CC=C(C)C(=O)OC1CC(C)C2(C)C=C3C(C)C(=O)OC3(O)CC2C1,C20H28O5,349.200553291463,positive,[M+H]+,,2001,9,False,False,True,0.1111111111111111,CC=C(CO)C(=O)OC1CC(C)C2(C)Cc3c(oc(O)c3C)CC2C1,CASMI_MOL_284568,0.17335429787635803,0.32894736842105265,True,
CASMI2022,56,56,FragAnnotor-trained-neural,completed,trained_neural_checkpoint_report_only,CASMI_MOL_1196828,CC1=C(C(=O)O)CC2(C)CCC3C(O)(CO)CCC132,C15H22O4,267.158989552775,positive,[M+H]+,,2001,1154,False,False,False,0.0008665511265164644,C=CCC1CC2(O)CC(C(C)(C)OC)OC2=CC1=O,CASMI_MOL_209284,0.2756929099559784,0.1388888888888889,True,
CASMI2022,57,57,FragAnnotor-trained-neural,completed,trained_neural_checkpoint_report_only,CASMI_MOL_1196848,CC(C)CCCCCCC(O)CC(=O)NC(CC(=O)O)C(N)=O,C16H30N2O5,353.204153669958,positive,[M+Na]+,,2001,473,False,False,False,0.0021141649048625794,CC(C)(C)OC(=O)NC(CCCCCN1CCOCC1)C(=O)O,CASMI_MOL_293097,0.10635968297719955,0.2222222222222222,True,
CASMI2022,58,58,FragAnnotor-trained-neural,completed,trained_neural_checkpoint_report_only,CASMI_MOL_1196849,CC1CC(C)C(=O)C1=O,C7H10O2,127.075180638479,positive,[M+H]+,,2001,1368,False,False,False,0.0007309941520467836,C#CC(CO)OCC=C,CASMI_MOL_297224,0.1534699946641922,0.0,True,
CASMI2022,59,59,FragAnnotor-trained-neural,completed,trained_neural_checkpoint_report_only,CASMI_MOL_1196850,CCCCCCCCCCCCCC(N)=O,C14H29NO,228.231926090935,positive,[M+H]+,,2001,1277,False,False,False,0.0007830853563038371,C=CCCCC(NCC)C(CCC)OCC,CASMI_MOL_300996,0.08753244578838348,0.11363636363636363,True,
CASMI2022,60,60,FragAnnotor-trained-neural,completed,trained_neural_checkpoint_report_only,CASMI_MOL_1196851,CC(=CC(=O)O)CCC1(C)C(C)CCC2(C)C(C)=C(C=O)CC21,C20H30O3,319.226352058803,positive,[M+H]+,,2001,1464,False,False,False,0.0006830601092896175,CCCc1c(C=CC(C)CC=CC(C)(C)C)oc(=O)c(C)c1O,CASMI_MOL_310026,0.295117050409317,0.08433734939759036,True,
CASMI2022,61,61,FragAnnotor-trained-neural,completed,trained_neural_checkpoint_report_only,CASMI_MOL_1196853,CCCCCc1cc2cc(O)cc(Oc3c(O)cc(OC)c(C(=O)O)c3CCCCC)c2c(=O)o1,C27H32O8,485.216505310484,positive,[M+H]+,,2001,101,False,False,False,0.009900990099009901,[C-]#[N+]C1CC2(CN1C(=O)C(CC(C)C)N(C)C(=O)c1cc3ccccc3o1)C(=O)Nc1ccccc12,CASMI_MOL_316024,0.30919671058654785,0.10619469026548672,False,
CASMI2022,62,62,FragAnnotor-trained-neural,completed,trained_neural_checkpoint_report_only,CASMI_MOL_1196854,COc1cc(C2OCC(C(O)c3ccc(OC4OC(CO)C(O)C(O)C4O)c(OC)c3)C2COC(C)=O)ccc1O,C28H36O13,603.204086075698,positive,[M+Na]+,,2001,75,False,False,False,0.013333333333333334,C#CCOC1C(=[PH+](=O)[O-])C(n2cc(C(F)(F)F)c(=O)[nH]c2=O)OC1COOCCCCCCCCCCCC,CASMI_MOL_324753,0.05387819930911064,,False,
CASMI2022,63,63,FragAnnotor-trained-neural,completed,trained_neural_checkpoint_report_only,CASMI_MOL_1196855,Nc1ccn(C2OC(CO)C(O)C2F)c(=O)n1,C9H12FN3O4,268.070158812618,positive,[M+Na]+,,2001,643,False,False,False,0.0015552099533437014,C=Nc1nc(Cc2ccc3c(c2)OCO3)c(O)[nH]1,CASMI_MOL_328042,0.06680405139923096,0.1267605633802817,False,
CASMI2022,64,64,FragAnnotor-trained-neural,completed,trained_neural_checkpoint_report_only,CASMI_MOL_1196856,CC(=O)OC1C(C)OC(Oc2c(-c3ccc(O)cc3)oc3c(CC=C(C)C)c(OC4OC(CO)C(O)C(O)C4O)cc(O)c3c2=O)C(O)C1O,C34H40O16,705.237865088362,positive,[M+H]+,,817,116,False,False,False,0.008620689655172414,CCn1c(C)c(O)n(-c2ccc(N3CCN(c4ccc(OCC5COC(Cn6ccnc6)(c6ccc(Cl)cc6Cl)O5)cc4)CC3)cc2)c1=O,CASMI_MOL_335748,0.1905282437801361,0.10948905109489052,False,
CASMI2022,65,65,FragAnnotor-trained-neural,completed,trained_neural_checkpoint_report_only,CASMI_MOL_1196857,C=C1CCC2C(=CC(C(=O)O)CCC1=O)C2(C)C,C15H20O3,249.148315429688,positive,[M+H]+,,2001,68,False,False,False,0.014705882352941176,C=CC(C)=CC1OC(=O)C2CC(=O)CC(C)(C)C12,CASMI_MOL_336741,0.19380557537078857,0.18032786885245902,True,
CASMI2022,66,66,FragAnnotor-trained-neural,completed,trained_neural_checkpoint_report_only,CASMI_MOL_1196858,COc1cc(-c2oc3c(OC)c(O)c(OC)c(O)c3c(=O)c2OC2OC(CO)C(O)C(O)C2O)ccc1O,C24H26O14,561.120702014163,positive,[M+Na]+,,2001,71,False,False,False,0.014084507042253521,O=C(Cl)C(O)C(O)C(O)C(O)COC1OC(COC2OC(CO)C(O)C(O)C2O)C(O)C(O)C1O,CASMI_MOL_345903,0.04776161536574364,0.23170731707317074,False,
CASMI2022,67,67,FragAnnotor-trained-neural,completed,trained_neural_checkpoint_report_only,CASMI_MOL_1196859,CCC(C)C1NC(=O)C(O)(C2=Cc3c(oc(C)c(C)c3=O)C(C)(CC)C2=O)C1=O,C22H27NO6,424.172282644071,positive,[M+Na]+,,2001,61,False,False,False,0.01639344262295082,CC1CCC2C(C)C(N3CCS(=O)(=O)CC3)OC3OCC4(C)CC1C32OO4,CASMI_MOL_348367,0.061600249260663986,0.08602150537634409,False,
CASMI2022,68,68,FragAnnotor-trained-neural,completed,trained_neural_checkpoint_report_only,CASMI_MOL_1196860,NCC1CCCCC1,C7H15N,114.127519082222,positive,[M+H]+,,1511,941,False,False,False,0.0010626992561105207,CCC=NCCCC,CASMI_MOL_357243,0.09077464789152145,0.06896551724137931,True,
CASMI2022,69,69,FragAnnotor-trained-neural,completed,trained_neural_checkpoint_report_only,CASMI_MOL_1196861,O=C(O)CCCCCCCCCCN1C(=O)C=CC1=O,C15H23NO4,282.169477178943,positive,[M+H]+,,2001,1281,False,False,False,0.00078064012490242,c1cc(CNCCCn2ccnc2)cc(-c2cn[nH]c2)c1,CASMI_MOL_358259,0.21251922845840454,0.09090909090909091,False,
CASMI2022,70,70,FragAnnotor-trained-neural,completed,trained_neural_checkpoint_report_only,CASMI_MOL_1196862,CC(C)c1cc2c(cc1O)C1(C(=O)O)CCCC(C)(C)C1CC2=O,C20H26O4,331.189924191026,positive,[M+H]+,,2001,698,False,False,False,0.0014326647564469914,C=CC1C(=C)CCC2C1CC(=O)C1(O)C2(C)CCC2OC(=O)C21C,CASMI_MOL_368984,0.1215038150548935,0.15,True,
CASMI2022,71,71,FragAnnotor-trained-neural,completed,trained_neural_checkpoint_report_only,CASMI_MOL_1196863,CC1CC(=O)C(C(C)C)CC1=O,C10H16O2,169.12214356171,positive,[M+H]+,,2001,1132,False,False,False,0.0008833922261484099,C=CCOC(CC(=C)C)C1CO1,CASMI_MOL_378087,0.2451375424861908,0.0851063829787234,True,
CASMI2022,72,72,FragAnnotor-trained-neural,completed,trained_neural_checkpoint_report_only,CASMI_MOL_1196864,CC1=C(C)C2C(Cc3c[nH]c4ccccc34)NC(=O)C23C(=O)C2OC2C(O)CC(C)CC=CC3C1O,C29H34N2O5,513.235635179633,positive,[M+Na]+,,2001,402,False,False,False,0.0024875621890547263,O=S(=O)(O)C1CCC(C2CCC(C3CCC(C4CCC(S(=O)(=O)O)CC4)CC3)CC2)CC1,CASMI_MOL_386840,0.0704931989312172,0.06329113924050633,False,
CASMI2022,73,73,FragAnnotor-trained-neural,completed,trained_neural_checkpoint_report_only,CASMI_MOL_1196865,CC(C)(O)C1CCC2(C)C(O)CCC(C)(O)C2C1,C15H28O3,279.19292316249,positive,[M+Na]+,,2001,298,False,False,False,0.003355704697986577,CC1(C)CC(OC2CCC(CO)CC2)C(C)(C)O1,CASMI_MOL_392612,0.04379650950431824,0.12727272727272726,True,
CASMI2022,74,74,FragAnnotor-trained-neural,completed,trained_neural_checkpoint_report_only,CASMI_MOL_1196866,CCC(C)C(CC)C(N)=O,C8H17NO,144.138018811886,positive,[M+H]+,,2001,1632,False,False,False,0.0006127450980392157,C1CCNCCCOCC1,CASMI_MOL_394969,0.042042337357997894,0.0,True,
CASMI2022,75,75,FragAnnotor-trained-neural,completed,trained_neural_checkpoint_report_only,CASMI_MOL_1196867,COC(=O)c1csc(C(=O)c2c[nH]c3ccccc23)n1,C14H10N2O3S,287.048180621777,positive,[M+H]+,,2001,1036,False,False,False,0.0009652509652509653,Oc1c2cn(O)n(O)cc-2c(O)c(O)c(O)c(O)c1O,CASMI_MOL_401863,0.03288021683692932,0.05660377358490566,False,
CASMI2022,76,76,FragAnnotor-trained-neural,completed,trained_neural_checkpoint_report_only,CASMI_MOL_1196812,CC(C)=CCCC(C)=CCCC1=CCC(C(C)=CCO)OC1,C20H32O2,305.247069182952,positive,[M+H]+,,2001,88,False,False,False,0.011363636363636364,C=CCOC(CCCC)C1=CC=C2C(COC2CCCC)C1,CASMI_MOL_114419,0.3784562647342682,0.1125,True,
CASMI2022,77,77,FragAnnotor-trained-neural,completed,trained_neural_checkpoint_report_only,CASMI_MOL_1196868,CC1=C2CC(C(C)(C)OC3OC(CO)C(O)C(O)C3O)CCC2(C)CCC1=O,C21H34O7,399.237181334685,positive,[M+H]+,,2001,84,False,False,False,0.011904761904761904,CC(=O)C1C(O)C(O)C2(O)C1(C)CCC1C3(CO)CCC(O)CC3CCC12O,CASMI_MOL_406810,0.0904175192117691,0.18072289156626506,True,
CASMI2022,78,78,FragAnnotor-trained-neural,completed,trained_neural_checkpoint_report_only,CASMI_MOL_1196869,CCCNC(N)=O,C4H10N2O,103.086471920208,positive,[M+H]+,,787,770,False,False,False,0.0012987012987012987,CC(=O)CC(N)N,CASMI_MOL_414915,0.08039798587560654,0.23076923076923078,True,
CASMI2022,79,79,FragAnnotor-trained-neural,completed,trained_neural_checkpoint_report_only,CASMI_MOL_1196870,C=c1cc(O)[nH]c1=CC=C(C)CC=CC(CCC=C(C)C)C(=O)O,C20H27NO3,330.205834046795,positive,[M+H]+,,2001,1873,False,False,False,0.0005339028296849973,CCC(=O)CCCCCCC(=O)Nc1ccc2c(c1)CCCC2=O,CASMI_MOL_415921,0.2164500504732132,0.12195121951219512,True,
CASMI2022,80,80,FragAnnotor-trained-neural,completed,trained_neural_checkpoint_report_only,CASMI_MOL_1196871,CC(=O)OC1C(=O)C=C(C)C2C=c3c(C)c(O)oc3=CC21C,C17H18O5,303.122479714061,positive,[M+H]+,,2001,766,False,False,False,0.0013054830287206266,C=CCOC(C)C(=O)OCc1cc(=O)oc2cc(C)ccc12,CASMI_MOL_425377,0.08748643845319748,0.15,True,
CASMI2022,81,81,FragAnnotor-trained-neural,completed,trained_neural_checkpoint_report_only,CASMI_MOL_1196872,CC(=CCCC=C(C)CCC1OC(C(C)(C)OC2OC(CO)C(O)C(O)C2O)CCC1(C)O)CCC1OC(C(C)(C)O)CCC1(C)O,C36H64O11,695.433174080825,positive,[M+Na]+,,276,2,False,True,True,0.5,CC1C=CC=CC1N(C1=CCCC=C1)C1C=C2C(=CCC1)C1=CCC(C=Cc3ccc(N(C4=CCCC=C4)C4CC=CCC4)cc3)C=C1C2(C)C,CASMI_MOL_431377,0.031227106228470802,0.06611570247933884,False,
CASMI2022,82,82,FragAnnotor-trained-neural,completed,trained_neural_checkpoint_report_only,CASMI_MOL_1196873,O=C1CCN(C2CC2)CC1,C8H13NO,140.106780463631,positive,[M+H]+,,2001,1790,False,False,False,0.0005586592178770949,CCC(C#N)(CC)CC=O,CASMI_MOL_431754,0.11040499806404114,0.02702702702702703,True,
CASMI2022,83,83,FragAnnotor-trained-neural,completed,trained_neural_checkpoint_report_only,CASMI_MOL_1196874,CCCCC=CCC(C(=O)O)C(C)C(=O)O,C12H20O4,229.143216539695,positive,[M+H]+,,2001,1141,False,False,False,0.0008764241893076249,C=CCOCC(COCC1CO1)OCC=C,CASMI_MOL_438107,0.1718812882900238,0.07407407407407407,True,
CASMI2022,84,84,FragAnnotor-trained-neural,completed,trained_neural_checkpoint_report_only,CASMI_MOL_1196852,CC1(C)C(=O)C=CC2(C)C3CCC4CC3(CCC12)CC4(O)CO,C20H30O3,319.226464781691,positive,[M+H]+,,2001,437,False,False,False,0.002288329519450801,C=CC(C)(O)C=CC=C(C)C(CC=C(C)C)OC(=O)C(C)=CC,CASMI_MOL_309550,0.14556345343589783,0.04938271604938271,True,
CASMI2022,85,85,FragAnnotor-trained-neural,completed,trained_neural_checkpoint_report_only,CASMI_MOL_1196834,CC(C)=CCCC(=CCCC(C)=CC1C(=O)CC(C)C1=O)C(=O)O,C20H28O4,355.1875765972,positive,[M+Na]+,,2001,436,False,False,False,0.0022935779816513763,CCCCCCCCCc1c(C)c(=O)oc2cc(O)cc(OC)c12,CASMI_MOL_243501,0.14670999348163605,0.07894736842105263,True,
CASMI2022,86,86,FragAnnotor-trained-neural,completed,trained_neural_checkpoint_report_only,CASMI_MOL_1196875,CC1(CO)C(=O)CCC2(C)C3CC4CCC3(CCC12)CC4(O)CO,C20H32O4,359.218938552257,positive,[M+Na]+,,2001,168,False,False,False,0.005952380952380952,C#CCC(O)C1(C)C(C)CCC2(C(C)CO)CCC3(OCCO3)C21,CASMI_MOL_446973,0.038270626217126846,0.14473684210526316,True,
CASMI2022,87,87,FragAnnotor-trained-neural,completed,trained_neural_checkpoint_report_only,CASMI_MOL_1196876,COc1ccc2[nH]ccc2c1,C9H9NO,148.075452106098,positive,[M+H]+,,2001,99,False,False,False,0.010101010101010102,C1=CCCC(c2ccon2)=C1,CASMI_MOL_454443,0.07280295342206955,0.0625,True,
CASMI2022,88,88,FragAnnotor-trained-neural,completed,trained_neural_checkpoint_report_only,CASMI_MOL_1196877,Cn1cncc1C(N)(c1ccc(Cl)cc1)c1ccc2c(c1)c(-c1cccc(Cl)c1)cc(=O)n2C,C27H22Cl2N4O,489.123474121094,positive,[M+H]+,,2001,1253,False,False,False,0.0007980845969672786,O=C1CCC(N2Cc3c(cccc3S(=O)(=O)N3CCN(Cc4cccs4)CC3)C2=O)C(=O)N1,CASMI_MOL_456050,0.048669952899217606,0.13,False,
CASMI2022,89,89,FragAnnotor-trained-neural,completed,trained_neural_checkpoint_report_only,CASMI_MOL_1196805,CC1C=CC2=C(OC(C(C)CO)C2(C)C)C1C=O,C15H22O3,251.163883088621,positive,[M+H]+,,2001,427,False,False,False,0.00234192037470726,CCC(c1c(O)cc(C)oc1=O)C1CCCCC1,CASMI_MOL_76422,0.22075316309928894,0.14925373134328357,True,
CASMI2022,90,90,FragAnnotor-trained-neural,completed,trained_neural_checkpoint_report_only,CASMI_MOL_1196878,CCC(C)C1C(CO)=CC2CC(C)CC(C)C2C1(C)C(=O)CCO,C21H36O3,337.273519236211,positive,[M+H]+,,1959,1114,False,False,False,0.0008976660682226212,CN=C(NCCn1ccnc1)NCC(CC(C)C)N1CCOCC1,CASMI_MOL_462743,0.298825204372406,0.0898876404494382,False,
CASMI2022,91,91,FragAnnotor-trained-neural,completed,trained_neural_checkpoint_report_only,CASMI_MOL_1196847,CC(C)=CCCC1=CCCC(C)(C(O)C(O)c2occc2C)OC1=O,C20H28O5,371.182586369526,positive,[M+Na]+,,2001,963,False,False,False,0.0010384215991692627,CCc1ccc(CCOc2cccc(C3CNCc4[nH]cnc43)c2)nc1,CASMI_MOL_284130,0.08972994983196259,0.10416666666666667,False,
CASMI2022,92,92,FragAnnotor-trained-neural,completed,trained_neural_checkpoint_report_only,CASMI_MOL_1196880,C=CC(C)(CCC=C(CO)CCC=C(C)CC(=O)CC(C)C(=O)OC)OC1OC(CO)C(O)C(O)C1O,C27H44O10,551.281937260959,positive,[M+Na]+,,1729,1,True,True,True,1.0,C=CC(C)(CCC=C(CO)CCC=C(C)CC(=O)CC(C)C(=O)OC)OC1OC(CO)C(O)C(O)C1O,CASMI_MOL_1196880,0.0904570147395134,1.0,True,
CASMI2022,93,93,FragAnnotor-trained-neural,completed,trained_neural_checkpoint_report_only,CASMI_MOL_1196881,Cc1ccccc1NC(=O)c1cc2ccccc2cc1O,C18H15NO2,278.117219218254,positive,[M+H]+,,2001,988,False,False,False,0.0010121457489878543,Cc1cccc(NC(=O)C(=O)C2=CCc3ccccc32)c1,CASMI_MOL_466206,0.19090624153614044,0.22413793103448276,True,
CASMI2022,94,94,FragAnnotor-trained-neural,completed,trained_neural_checkpoint_report_only,CASMI_MOL_1196882,CCCCCCCCCCCCCOC(=O)c1ccccc1C(=O)OCCCCCCCCCCCCC,C34H58O4,531.4400905022,positive,[M+H]+,,347,272,False,False,False,0.003676470588235294,N=C(N)C1CCC2CC(C(=O)N3CCC(CCN)CC3)N(CC3CCC(OC4CCC(N)CC4)CC3)C2C1,CASMI_MOL_475173,0.09793365746736526,0.0641025641025641,False,
CASMI2022,95,95,FragAnnotor-trained-neural,completed,trained_neural_checkpoint_report_only,CASMI_MOL_1196883,CC(=O)OC1CC2C(CCC3=CC(OC4OC(C)C(O)C(O)C4O)CCC32C)C2(O)CCC(c3ccc(=O)oc3)C12C,C32H44O10,589.299949560662,positive,[M+H]+,,1877,304,False,False,False,0.003289473684210526,COc1cc2c(cc1OCCCCCN1CCN(c3cc(=O)oc4c(C)c(OC)ccc34)CC1)N=CC1CCCN1C2=O,CASMI_MOL_477214,0.20438332855701447,0.10606060606060606,False,
CASMI2022,96,96,FragAnnotor-trained-neural,completed,trained_neural_checkpoint_report_only,CASMI_MOL_1196884,CC(=O)OCC1(O)CC23CCC4C(C)(COC(C)=O)C(=O)CCC4(C)C2CCC1C3,C24H36O6,421.2579102945,positive,[M+H]+,,2001,464,False,False,False,0.0021551724137931034,C=CCc1cc(CN(CCCn2ccnc2)Cc2cccnc2)cc(OC)c1OCC,CASMI_MOL_479074,0.2884206771850586,0.037383177570093455,False,
CASMI2022,97,97,FragAnnotor-trained-neural,completed,trained_neural_checkpoint_report_only,CASMI_MOL_1196885,CC1(CCOC2OC(CO)C(O)C(O)C2O)CCC2C(OC(=O)CC3C(C)(C(=O)O)CCCC23C)C1O,C26H42O11,553.261576373118,positive,[M+Na]+,,2001,40,False,False,False,0.025,CC(COC1OC(CO)C(O)C(O)C1O)C1CC2C3(C)CC4(O)OC(C5C(C)(O)CCC53O)C2(O)C14C,CASMI_MOL_485042,0.03194848820567131,0.2708333333333333,True,
CASMI2022,98,98,FragAnnotor-trained-neural,completed,trained_neural_checkpoint_report_only,CASMI_MOL_1196886,CCOc1ccc(-c2nc3cc(-c4nc5cc(N6CCN(C)CC6)ccc5[nH]4)ccc3[nH]2)cc1,C27H28N6O,453.238635252155,positive,[M+H]+,,2001,182,False,False,False,0.005494505494505495,CC(C)CC(CNC(=O)OCC1c2ccccc2-c2ccccc21)CC(=O)NC(C)C(=O)O,CASMI_MOL_487100,0.0260072723031044,0.06593406593406594,False,
CASMI2022,99,99,FragAnnotor-trained-neural,completed,trained_neural_checkpoint_report_only,CASMI_MOL_1196887,Oc1ccc(C=C2c3cc(O)cc(O)c3C(c3ccc(O)cc3)C2c2cc(O)cc(O)c2)cc1,C28H22O6,455.1485326536,positive,[M+H]+,,2001,60,False,False,False,0.016666666666666666,CS(=O)(=O)N=C1CCCN2C(=O)COc3c(F)cc(F)cc3C3CCC(CC3)OC=C12,CASMI_MOL_496489,0.11572537571191788,0.04395604395604396,False,
CASMI2022,100,100,FragAnnotor-trained-neural,completed,trained_neural_checkpoint_report_only,CASMI_MOL_1196888,CC(O)CCCC=CCC=CC(O)C(O)CCCCCC(=O)O,C18H32O5,329.231892370686,positive,[M+H]+,,2001,1134,False,False,False,0.0008818342151675485,CCC(Cn1ccnc1)NC1CCN(c2cccc(OC)c2)CC1,CASMI_MOL_504373,0.3849633038043976,0.04819277108433735,False,
CASMI2022,101,101,FragAnnotor-trained-neural,completed,trained_neural_checkpoint_report_only,CASMI_MOL_1196890,CCC1(C)C(=O)C=C2C(=COC(C(=O)O)=C2C)C1O,C14H16O5,265.106995360766,positive,[M+H]+,,2001,1034,False,False,False,0.0009671179883945841,CC12CCC(O1)C1C2C2OC1(C)c1c(O)oc(O)c12,CASMI_MOL_509420,0.07074065506458282,0.10144927536231885,True,
CASMI2022,102,102,FragAnnotor-trained-neural,completed,trained_neural_checkpoint_report_only,CASMI_MOL_1196891,CCCCOC(=O)CC(CC(=O)OCCCC)(OC(C)=O)C(=O)OCCCC,C20H34O8,403.232045400965,positive,[M+H]+,,2001,1161,False,False,False,0.0008613264427217916,CCCc1nc(C(C)(C)C)nn1Cc1cncc(-c2ccccc2-c2nn[nH]n2)c1,CASMI_MOL_518028,0.1417754590511322,0.06172839506172839,False,
CASMI2022,103,103,FragAnnotor-trained-neural,completed,trained_neural_checkpoint_report_only,CASMI_MOL_1196892,CC(=O)OC(C)(C)C1OC23OC1CC(C)C2C1(C)CCC24CC25CCC(OC2OCC(O)C(O)C2O)C(C)(C)C5CCC4C1(C)C3O,C37H58O10,685.391173042312,positive,[M+Na]+,,678,236,False,False,False,0.00423728813559322,O=C1C(=O)N(CCC23CC4CC(CC(C4)C2)C3)C(=O)N1CCCCCCCCN1C(=O)C(=O)N(CCC23CC4CC(CC(C4)C2)C3)C1=O,CASMI_MOL_522140,0.03340347483754158,0.05154639175257732,False,
CASMI2022,104,104,FragAnnotor-trained-neural,completed,trained_neural_checkpoint_report_only,CASMI_MOL_1196893,NC(=O)C1CCCc2c1[nH]c1ccc(Cl)cc21,C13H13ClN2O,249.078750610352,positive,[M+H]+,,2001,1045,False,False,False,0.0009569377990430622,C1CCC(SSSC2CCCC2)CC1,CASMI_MOL_523375,0.03163757175207138,0.08163265306122448,False,
CASMI2022,105,105,FragAnnotor-trained-neural,completed,trained_neural_checkpoint_report_only,CASMI_MOL_1196894,COc1c(CC=C(C)CCC=C(C)CCO)c(O)c2c(O)occ2c1C,C21H28O5,361.200375071837,positive,[M+H]+,,2001,258,False,False,False,0.003875968992248062,CN(CCCn1ccnc1)CC(=O)N1CCOC(c2ccc(F)cc2)C1,CASMI_MOL_531392,0.44002947211265564,0.061224489795918366,False,
CASMI2022,106,106,FragAnnotor-trained-neural,completed,trained_neural_checkpoint_report_only,CASMI_MOL_1196895,COC(=O)C(NC(=O)c1cccc(NC=O)c1O)C(C)O,C13H16N2O6,297.107910928399,positive,[M+H]+,,2001,589,False,False,False,0.001697792869269949,COC(=O)COc1cccc(NC(=O)NCCC(=O)O)c1,CASMI_MOL_542298,0.3940858244895935,0.18840579710144928,True,
CASMI2022,107,107,FragAnnotor-trained-neural,completed,trained_neural_checkpoint_report_only,CASMI_MOL_1196896,Cc1c(O)oc2c1C=C1CCC3C(C)(C)C(O)CCC3(C)C1C2,C20H28O3,317.210886689853,positive,[M+H]+,,2001,978,False,False,False,0.0010224948875255625,CCCCCCCCOc1ccc2c(CCC)cc(=O)oc2c1,CASMI_MOL_551656,0.2247714251279831,0.06329113924050633,True,
CASMI2022,108,108,FragAnnotor-trained-neural,completed,trained_neural_checkpoint_report_only,CASMI_MOL_1196899,CC(C)CC1NC(=O)C2CCCN2C1=O,C11H18N2O2,211.143956950586,positive,[M+H]+,,2001,1967,False,False,False,0.0005083884087442806,CC1C(C(=O)O)CCN1CC(C)(C)C#N,CASMI_MOL_558767,0.177451491355896,0.13793103448275862,True,
CASMI2022,109,109,FragAnnotor-trained-neural,completed,trained_neural_checkpoint_report_only,CASMI_MOL_1196900,O=c1c(O)c(-c2c(O)cccc2OC2OC(CO)C(O)C(O)C2O)oc2cc(O)cc(O)c12,C21H20O12,465.102494314505,positive,[M+H]+,,2001,363,False,False,False,0.0027548209366391185,O=C(OCCCCOC(=O)C1CCCCN1C(=S)S)C1CCCCN1C(=S)S,CASMI_MOL_568456,0.05937231704592705,0.06097560975609756,False,
CASMI2022,110,110,FragAnnotor-trained-neural,completed,trained_neural_checkpoint_report_only,CASMI_MOL_1196901,CC(=O)OC(C)(C)C1OC23OC1CC(C)C2C1(C)C(O)CC24CC25CCC(O)C(C)(C)C5CCC4C1(C)C3O,C32H50O7,569.344143925056,positive,[M+Na]+,,824,118,False,False,False,0.00847457627118644,CCCCCCCCCCCCOC(=S)CCSCCC(=S)OCCCCCCCCCCCC,CASMI_MOL_573587,0.03099915385246277,0.04878048780487805,False,
CASMI2022,111,111,FragAnnotor-trained-neural,completed,trained_neural_checkpoint_report_only,CASMI_MOL_1196902,O=C(O)CNC(=O)C1CCCN1,C7H12N2O3,173.091842651367,positive,[M+H]+,,2001,1070,False,False,False,0.0009345794392523365,CC(C#N)(CCCO)OC(N)=O,CASMI_MOL_575082,0.23678486049175262,0.0784313725490196,True,
CASMI2022,112,112,FragAnnotor-trained-neural,completed,trained_neural_checkpoint_report_only,CASMI_MOL_1196903,COc1cc(O)c(CCc2cccc(O)c2)cc1OC,C16H18O4,275.127474208511,positive,[M+H]+,,2001,931,False,False,False,0.0010741138560687433,Cc1ccc2oc(=O)c(C(=O)CCC(C)C)c(O)c2c1,CASMI_MOL_577321,0.40891313552856445,0.125,True,
CASMI2022,113,113,FragAnnotor-trained-neural,completed,trained_neural_checkpoint_report_only,CASMI_MOL_1196905,CCCCC(O)CC=CCC=CCCCC(=O)NC(CCC(=O)O)C(=O)O,C20H33NO6,384.237576499794,positive,[M+H]+,,2001,1470,False,False,False,0.0006802721088435374,N#Cc1cccc(NC(=O)NCC2CC3CCN2CC3CN2CCOCC2)c1,CASMI_MOL_586009,0.31207379698753357,0.08421052631578947,False,
CASMI2022,114,114,FragAnnotor-trained-neural,completed,trained_neural_checkpoint_report_only,CASMI_MOL_1196906,CC1OC(OC2C(Oc3c(-c4ccc(O)c(O)c4)oc4cc(OC5OC(CO)C(O)C(O)C5O)cc(O)c4c3=O)OC(CO)C(O)C2O)C(O)C(O)C1O,C33H40O21,773.212341308594,positive,[M+H]+,,689,275,False,False,False,0.0036363636363636364,[C-]#[N+]C(C#N)=Cc1cc(OC)c(C2=Cc3cc4sc5cc6c(cc5c4cc3C23CCCCC3)C2(CCCCC2)C(c2sc(C=C(C#N)C#N)cc2OC)=C6)s1,CASMI_MOL_592747,0.05403673276305199,0.05737704918032787,False,
CASMI2022,115,115,FragAnnotor-trained-neural,completed,trained_neural_checkpoint_report_only,CASMI_MOL_1196907,CC1CC2OC3(OC(C)(C)C2O)C1C1(C)CCC24CC25CCC(=O)C(C)(C)C5CCC4C1(C)C3O,C30H46O5,487.341135509272,positive,[M+H]+,,1876,129,False,False,False,0.007751937984496124,C=CCOC1CCC2OCCN3CCOCCOCCN(CCOCCOCC3)CCOC2C1,CASMI_MOL_594078,0.34240952134132385,0.08433734939759036,False,
CASMI2022,116,116,FragAnnotor-trained-neural,completed,trained_neural_checkpoint_report_only,CASMI_MOL_1196909,CCc1nccc2c1[nH]c1cc(OC)ccc12,C14H14N2O,227.117682198429,positive,[M+H]+,,2001,788,False,False,False,0.0012690355329949238,FC1(c2nc(C3CCOC3)no2)CCCC1,CASMI_MOL_595307,0.061937373131513596,0.029411764705882353,False,
CASMI2022,117,117,FragAnnotor-trained-neural,completed,trained_neural_checkpoint_report_only,CASMI_MOL_1196910,COc1c2occc2c(OCC=C(C)CCC=C(C)C)c2ccc(=O)oc12,C22H24O5,391.151150234014,positive,[M+Na]+,,2001,970,False,False,False,0.0010309278350515464,O=C1C(=O)N(C2CCCC2)CCN1Cc1ccc(-c2cccc(F)c2)nn1,CASMI_MOL_605458,0.06328947097063065,0.06521739130434782,False,
CASMI2022,118,118,FragAnnotor-trained-neural,completed,trained_neural_checkpoint_report_only,CASMI_MOL_1196911,CC(C)=CCCC(=CCCC(C)=CCCC(C)=CCO)C(=O)O,C20H32O3,343.223900602643,positive,[M+Na]+,,2001,899,False,False,False,0.0011123470522803114,CC12CCC3C(CCC4CC5(CCC43C)OCCO5)C1CCO2,CASMI_MOL_615299,0.040765512734651566,0.04838709677419355,True,
CASMI2022,119,119,FragAnnotor-trained-neural,completed,trained_neural_checkpoint_report_only,CASMI_MOL_1196912,Cc1ccc(N=Nc2c(O)ccc3ccccc23)c(C)c1,C18H16N2O,277.133189720886,positive,[M+H]+,,2001,253,False,False,False,0.003952569169960474,C=Nc1c(C(=CC)c2cc(C)ccn2)oc2ccccc12,CASMI_MOL_621858,0.39034780859947205,0.23809523809523808,True,
CASMI2022,120,120,FragAnnotor-trained-neural,completed,trained_neural_checkpoint_report_only,CASMI_MOL_1196913,Cc1c(O)oc2c1CC1(C)C(C)CCCC1C2,C15H22O2,235.16901312256,positive,[M+H]+,,2001,1509,False,False,False,0.0006626905235255136,CCc1ccc(OC(CC)(CC)C2CO2)cc1,CASMI_MOL_629689,0.270058810710907,0.1,True,
CASMI2022,121,121,FragAnnotor-trained-neural,completed,trained_neural_checkpoint_report_only,CASMI_MOL_1196918,COc1cc(C=CCCCCC(O)CC(=O)O)oc(=O)c1C,C16H22O6,311.148594834163,positive,[M+H]+,,2001,112,False,False,False,0.008928571428571428,CC(=O)c1cccc(C(=N)c2cc(NC(=O)CN)ccc2N)c1,CASMI_MOL_640692,0.38110920786857605,0.1,False,
CASMI2022,122,122,FragAnnotor-trained-neural,completed,trained_neural_checkpoint_report_only,CASMI_MOL_1196919,CC1CCC2C(C)(C)C(O)CCC2(C)C12Cc1c(O)cc3cn(C(CCC(=O)O)C(=O)O)c(O)c3c1O2,C28H37NO8,516.258822820097,positive,[M+H]+,,2001,165,False,False,False,0.006060606060606061,COC1=CC23CCCN2CCc2cc4c(cc2C3C1OC(=O)C(CC(=O)OC(C)C)OC(C)C)OCO4,CASMI_MOL_650167,0.07729261368513107,0.13559322033898305,True,
CASMI2022,123,123,FragAnnotor-trained-neural,completed,trained_neural_checkpoint_report_only,CASMI_MOL_1196920,COC(=O)c1cc(O)cc2oc3cccc(O)c3c(=O)c12,C15H10O6,287.05477511929,positive,[M+H]+,,2001,1885,False,False,False,0.0005305039787798408,Clc1nc(Cl)nc(NCCCCn2ccnc2)n1,CASMI_MOL_653089,0.09700591117143631,0.058823529411764705,False,
CASMI2022,124,124,FragAnnotor-trained-neural,completed,trained_neural_checkpoint_report_only,CASMI_MOL_1196921,COc1ccc(CC2C(=O)OCC2Cc2ccc(OC3OC(CO)C(O)C(O)C3O)c(OC)c2)cc1OC,C27H34O11,557.1986375529,positive,[M+Na]+,,2001,53,False,False,False,0.018867924528301886,C1=C2c3ccccc3-c3ccc(-n4c5ccccc5c5cc(-c6ccc7c(c6)[nH]c6ccccc67)ccc54)c(c32)CC1,CASMI_MOL_654740,0.04968932271003723,0.05,False,
CASMI2022,125,125,FragAnnotor-trained-neural,completed,trained_neural_checkpoint_report_only,CASMI_MOL_1196922,CC(O)(CO)CCCC(C)(O)c1ccc(C(=O)O)cc1O,C15H22O6,321.130456878152,positive,[M+Na]+,,2001,874,False,False,False,0.0011441647597254005,O=C(O)C1CCC(C2CC(C(=O)O)CC(C(=O)O)C2)CC1,CASMI_MOL_660356,0.06719169020652771,0.07547169811320754,True,
CASMI2022,126,126,FragAnnotor-trained-neural,completed,trained_neural_checkpoint_report_only,CASMI_MOL_1196923,CC(=O)NCCc1c(Cc2ccccc2)[nH]c2ccccc12,C19H20N2O,293.164467938574,positive,[M+H]+,,2001,1988,False,False,False,0.0005030181086519115,COc1ccc(P=C2CCCCC(C)CC2)c(OC)c1,CASMI_MOL_669522,0.053318217396736145,0.07042253521126761,False,
CASMI2022,127,127,FragAnnotor-trained-neural,completed,trained_neural_checkpoint_report_only,CASMI_MOL_1196924,C=C(C)C1CCC2(C(=O)O)CCC3(C)C(CC4OC(=O)CC(O)C5(C)C(C(=C)C)CCC3(C)C45)C12,C30H44O5,485.325432421438,positive,[M+H]+,,1657,463,False,False,False,0.0021598272138228943,CCCCCCCCCCOc1c(OCC=C(C)CCC=C(C)C)c2ccc(OC)cc2oc1=O,CASMI_MOL_678673,0.4157688319683075,0.09615384615384616,True,
CASMI2022,128,128,FragAnnotor-trained-neural,completed,trained_neural_checkpoint_report_only,CASMI_MOL_1196925,O=C(O)CCCCC(=O)Nc1ccccc1C(=O)O,C13H15NO5,266.102037994695,positive,[M+H]+,,2001,1998,False,False,False,0.0005005005005005005,COc1ccc(C(=O)C2(O)CC(CO)NC2=O)cc1,CASMI_MOL_680521,0.09890373796224594,0.11475409836065574,True,
CASMI2022,129,129,FragAnnotor-trained-neural,completed,trained_neural_checkpoint_report_only,CASMI_MOL_1196897,CC(C)c1ccc2c(c1)C(O)CC1C(C)(C(=O)O)CCCC21C,C20H28O3,317.210865326987,positive,[M+H]+,,2001,1116,False,False,False,0.0008960573476702509,C=CC(C)(CCC=C(C)C)OCC=Cc1ccc(O)c(OC)c1,CASMI_MOL_551922,0.38000497221946716,0.08333333333333333,True,
CASMI2022,130,130,FragAnnotor-trained-neural,completed,trained_neural_checkpoint_report_only,CASMI_MOL_1196926,COc1cccc2c(O)c3c(c(O)c12)=C(C)OC(C)C=3,C16H16O4,273.111899404508,positive,[M+H]+,,2001,1093,False,False,False,0.0009149130832570906,C=CCOC(O)=c1c(=C(O)OCC=C)c2ccc1cc2,CASMI_MOL_689338,0.14267000555992126,0.08771929824561403,True,
CASMI2022,131,131,FragAnnotor-trained-neural,completed,trained_neural_checkpoint_report_only,CASMI_MOL_1196928,NC(=O)CCC=CCC=CCCCC(=O)O,C12H19NO3,226.143449486821,positive,[M+H]+,,2001,1381,False,False,False,0.000724112961622013,CC(=O)CCCCCN1C(=O)C=CC1(C)O,CASMI_MOL_698794,0.2733682692050934,0.13725490196078433,True,
CASMI2022,132,132,FragAnnotor-trained-neural,completed,trained_neural_checkpoint_report_only,CASMI_MOL_1196929,CCC(C)=CC=CCC(=O)OC1=CC=C2CC(=O)C(=O)CC2(C)C1C,C21H26O4,343.190181065075,positive,[M+H]+,,2001,326,False,False,False,0.003067484662576687,CCCC(N=C1CNCCC1C)c1ccc(C#CC2CC2)cc1Cl,CASMI_MOL_709096,0.1361345648765564,0.09574468085106383,False,
CASMI2022,133,133,FragAnnotor-trained-neural,completed,trained_neural_checkpoint_report_only,CASMI_MOL_1196930,CCCC(O)CC=CCC=CCCCC(=O)NC(CCC(=O)O)C(=O)O,C19H31NO6,392.2040554259,positive,[M+Na]+,,2001,533,False,False,False,0.001876172607879925,C=CCC1CCCCC1(CC(=O)O)C(N)C(=O)OC(C)OC(=O)C(C)C,CASMI_MOL_717830,0.08481937646865845,0.12658227848101267,True,
CASMI2022,134,134,FragAnnotor-trained-neural,completed,trained_neural_checkpoint_report_only,CASMI_MOL_1196932,CC1=CC(=O)CC(C)(C)C1(O)C=CC(C)OC1OC(COC(=O)CC(C)(O)CC(=O)O)C(O)C(O)C1O,C25H38O12,553.225502325156,positive,[M+Na]+,,2001,294,False,False,False,0.003401360544217687,OCC1OC(O)C(O)C(n2cc(CCCCCc3cn(C4C(O)C(O)OC(CO)C4O)nn3)nn2)C1O,CASMI_MOL_726914,0.05043177679181099,0.10869565217391304,False,
CASMI2022,135,135,FragAnnotor-trained-neural,completed,trained_neural_checkpoint_report_only,CASMI_MOL_1196933,CCC(C)(C)c1cc(-n2nc3ccccc3n2)c(O)c(C(C)(C)CC)c1,C22H29N3O,352.237811279235,positive,[M+H]+,,2001,141,False,False,False,0.0070921985815602835,C=C(N1CCOCC1)N(C(=S)NC1CCCCC1)C1CCCCC1,CASMI_MOL_729969,0.05032292753458023,0.04285714285714286,False,
CASMI2022,136,136,FragAnnotor-trained-neural,completed,trained_neural_checkpoint_report_only,CASMI_MOL_1196934,CC(C)CCCCCCC(O)C1CC(CO)OC1=O,C15H28O4,273.205748250264,positive,[M+H]+,,2001,1729,False,False,False,0.000578368999421631,C=CCN1CCCC2(CCc3cnc(N(C)C)nc32)C1,CASMI_MOL_736528,0.39826178550720215,0.08108108108108109,False,
CASMI2022,137,137,FragAnnotor-trained-neural,completed,trained_neural_checkpoint_report_only,CASMI_MOL_1196935,COc1cc2c(cc1OC)C1(O)C(=O)c3ccc(O)c(CC=C(C)C)c3OC1CO2,C23H24O7,413.159051409611,positive,[M+H]+,,2001,208,False,False,False,0.004807692307692308,NC(CC(=O)N1CCCC1c1nc(C2(F)CC2)no1)Cc1cc(F)c(F)cc1F,CASMI_MOL_746413,0.17235422134399414,0.11650485436893204,False,
CASMI2022,138,138,FragAnnotor-trained-neural,completed,trained_neural_checkpoint_report_only,CASMI_MOL_1196936,COc1cc2c(c(OC)c1OC)-c1c(cc3c(c1O)OCO3)CC(C)C(C)C2,C22H26O6,387.179762289554,positive,[M+H]+,,2001,53,False,False,False,0.018867924528301886,C=CC1CCc2cc(OC)c(O)c(OC)c2C1c1cc(OC)c(O)c(OC)c1,CASMI_MOL_755765,0.2632865011692047,0.3387096774193548,True,
CASMI2022,139,139,FragAnnotor-trained-neural,completed,trained_neural_checkpoint_report_only,CASMI_MOL_1196937,CC1OC(OC2C(Oc3c(-c4ccc(O)cc4)oc4cc(OC5OC(CO)C(O)C(O)C5OC(=O)C=Cc5ccc(O)cc5)cc(O)c4c3=O)OC(CO)C(O)C2O)C(O)C(O)C1O,C42H46O22,903.254552637546,positive,[M+H]+,,631,271,False,False,False,0.0036900369003690036,CCCCCCCCCCCSC1=C(SCCCCCCCCCCC)SC(=C2SC3=C(CCSCCSCCSCCSCCSCC3)S2)S1,CASMI_MOL_763219,0.053690098226070404,0.027777777777777776,False,
CASMI2022,140,140,FragAnnotor-trained-neural,completed,trained_neural_checkpoint_report_only,CASMI_MOL_1196939,CC=CC=CCCCC=CCc1cc(=O)c(C)c(O)o1,C17H22O3,275.163851548862,positive,[M+H]+,,2001,861,False,False,False,0.0011614401858304297,CCN(Cc1ccncc1)C(=O)NCCn1cncn1,CASMI_MOL_765159,0.4205756187438965,0.08108108108108109,False,
CASMI2022,141,141,FragAnnotor-trained-neural,completed,trained_neural_checkpoint_report_only,CASMI_MOL_1196941,COc1ccc(-c2cc(=O)c3c(OC)cc(OC)c(OC)c3o2)cc1,C19H18O6,365.099067602426,positive,[M+Na]+,,2001,165,False,False,False,0.006060606060606061,C1=C(C(OC(C2=CCCC2)c2cccs2)c2cccs2)CCC1,CASMI_MOL_773710,0.04640038684010506,0.06349206349206349,False,
CASMI2022,142,142,FragAnnotor-trained-neural,completed,trained_neural_checkpoint_report_only,CASMI_MOL_1196942,COc1ccc(C2OCC3C(c4ccc5c(c4)OCO5)OCC23)cc1OC,C21H22O6,371.148665955677,positive,[M+H]+,,2001,138,False,False,False,0.007246376811594203,C=CC(C)(C)c1c(O)cc2c(c1O)C(=O)CC(c1ccc(O)c(OC)c1)O2,CASMI_MOL_781608,0.17743951082229614,0.2535211267605634,True,
CASMI2022,143,143,FragAnnotor-trained-neural,completed,trained_neural_checkpoint_report_only,CASMI_MOL_1196943,CC=C(C)C(=O)OC(C(O)c1cc2ccc(=O)oc2cc1OC)C(C)(C)O,C20H24O7,377.159048235277,positive,[M+H]+,,2001,142,False,False,False,0.007042253521126761,Cc1nc2cc(O)c(-c3ccc4c(=O)n(C5CCNCC5)ccc4n3)cc2o1,CASMI_MOL_790137,0.1799495965242386,0.13186813186813187,False,
CASMI2022,144,144,FragAnnotor-trained-neural,completed,trained_neural_checkpoint_report_only,CASMI_MOL_1196944,CC1CC=CC(C(=O)O)C1(C)Cc1c(CO)coc1O,C15H20O5,281.138108031761,positive,[M+H]+,,2001,1515,False,False,False,0.0006600660066006601,Cn1cc(-c2cc3ncccc3nc2OCC2CC2)cn1,CASMI_MOL_800453,0.12794998288154602,0.07228915662650602,False,
CASMI2022,145,145,FragAnnotor-trained-neural,completed,trained_neural_checkpoint_report_only,CASMI_MOL_1196938,CC1OC(OC2C(Oc3c(-c4ccc(O)cc4)oc4cc(OC5OC(COC(=O)C=Cc6ccc(O)cc6)C(O)C(O)C5O)cc(O)c4c3=O)OC(CO)C(O)C2O)C(O)C(O)C1O,C42H46O22,903.254591557378,positive,[M+H]+,,316,82,False,False,False,0.012195121951219513,CCCCCCCCCCCSC1=C(SCCCCCCCCCCC)SC(=C2SC3=C(CCSCCSCCSCCSCCSCC3)S2)S1,CASMI_MOL_763219,0.05639384314417839,0.02702702702702703,False,
CASMI2022,146,146,FragAnnotor-trained-neural,completed,trained_neural_checkpoint_report_only,CASMI_MOL_1196945,CC(=O)OC1C(=O)C2=C(C(=O)CC3C2(C)CCC(OC(=O)CC(=O)O)C3(C)C)C2(C)C(=O)CC(C(C)CC(=O)CC(C)C(=O)O)C12C,C35H46O12,659.305358886719,positive,[M+H]+,,1277,492,False,False,False,0.0020325203252032522,C=CC=CC=C1CC=CC=C1c1cc2cc(C=CC=CC)oc2c2c1c1ccccc1n2-c1ccc(N(c2ccccc2)c2ccccc2)cc1,CASMI_MOL_808555,0.5067055225372314,0.05223880597014925,False,
CASMI2022,147,147,FragAnnotor-trained-neural,completed,trained_neural_checkpoint_report_only,CASMI_MOL_1196946,CC(=CCCC(C)OC1OC(CO)C(O)C(O)C1O)CCC1CC(=O)OC1(C)C,C21H36O8,417.247928865327,positive,[M+H]+,,2001,326,False,False,False,0.003067484662576687,CC(=O)OC(C)CC(CC(C)(CC(C)(C)C(C)OC(C)=O)OC(C)=O)OC(C)=O,CASMI_MOL_810617,0.16786642372608185,0.125,True,
CASMI2022,148,148,FragAnnotor-trained-neural,completed,trained_neural_checkpoint_report_only,CASMI_MOL_1196947,CC(C)=CCCC(=CCCC(C)=CCC(O)C(C)=CCO)CO,C20H34O3,345.239577329631,positive,[M+Na]+,,2001,212,False,False,False,0.0047169811320754715,CC1CC23CCC4C(C)(C)CC(O)C(O)(O)C4(C)C2CCC1C3,CASMI_MOL_814901,0.03234464302659035,0.04477611940298507,True,
CASMI2022,149,149,FragAnnotor-trained-neural,completed,trained_neural_checkpoint_report_only,CASMI_MOL_1196948,COc1ccc(-c2oc3c(CC=C(C)C)c(O)cc(O)c3c(=O)c2O)cc1,C21H20O6,369.132758072946,positive,[M+H]+,,2001,656,False,False,False,0.001524390243902439,[H]CC(=O)OC(=O)C(OC(=O)C[H])C(OC(=O)C[H])C(OC(=O)C[H])C(O)CO,CASMI_MOL_818543,0.04391368478536606,0.10144927536231885,False,
CASMI2022,150,150,FragAnnotor-trained-neural,completed,trained_neural_checkpoint_report_only,CASMI_MOL_1196949,C=C1CCC2C(C)(C(=O)O)CCC(OC(C)=O)C2(C)C1CCC(C)=CCO,C22H34O5,379.245232516541,positive,[M+H]+,,2001,146,False,False,False,0.00684931506849315,COCOC1CC2CCC13C1CC4C(C)(C=O)CCCC4(C(OC)O1)C3C2,CASMI_MOL_827515,0.04242384806275368,0.17045454545454544,True,
CASMI2022,151,151,FragAnnotor-trained-neural,completed,trained_neural_checkpoint_report_only,CASMI_MOL_1196950,C=C(Oc1cccc(C(=O)O)c1)C(=O)OC,C11H10O5,223.059992250151,positive,[M+H]+,,1793,1744,False,False,False,0.0005733944954128441,CSC(C)Cc1ccc2sccc2c1,CASMI_MOL_834254,0.19842353463172913,0.08620689655172414,False,
CASMI2022,152,152,FragAnnotor-trained-neural,completed,trained_neural_checkpoint_report_only,CASMI_MOL_1196951,O=C(O)C=CCCCCCC(=O)O,C9H14O4,209.078338623047,positive,[M+Na]+,,2001,229,False,False,False,0.004366812227074236,COC(=O)CC(=O)C(C)CCC=O,CASMI_MOL_837814,0.1508442908525467,0.14285714285714285,True,
CASMI2022,153,153,FragAnnotor-trained-neural,completed,trained_neural_checkpoint_report_only,CASMI_MOL_1196952,CC(OC1OC(COC2OCC(O)(CO)C2O)C(O)C(O)C1O)C1CC(=O)OC1(C)C,C19H32O12,475.17834109672,positive,[M+Na]+,,2001,41,False,False,False,0.024390243902439025,CCC(=O)OCOC(=O)C(C)(COC(=O)C(C)(CO)CO)COC(=O)C(C)(CO)CO,CASMI_MOL_843199,0.040790800005197525,0.07792207792207792,True,
CASMI2022,154,154,FragAnnotor-trained-neural,completed,trained_neural_checkpoint_report_only,CASMI_MOL_1196953,N#CC=C1CCC(O)CC1OC1OC(CO)C(O)C(O)C1O,C14H21NO7,338.120757952349,positive,[M+Na]+,,2001,426,False,False,False,0.002347417840375587,Nc1cc2cc(N3CCCC3c3cc(F)ccc3F)ncn2n1,CASMI_MOL_852175,0.05517782270908356,0.05952380952380952,False,
CASMI2022,155,155,FragAnnotor-trained-neural,completed,trained_neural_checkpoint_report_only,CASMI_MOL_1196954,CN1CCCC1Cc1c[nH]c2ccc(CCS(=O)(=O)c3ccccc3)cc12,C22H26N2O2S,383.178221106453,positive,[M+H]+,,2001,1543,False,False,False,0.0006480881399870382,C1=CCC2C(=C1)C1=c3c2cc2c4c5c(cc2c3=CCC1)-c1ccccc1C5CC=C4,CASMI_MOL_860901,0.03697232902050018,0.09473684210526316,False,
CASMI2022,156,156,FragAnnotor-trained-neural,completed,trained_neural_checkpoint_report_only,CASMI_MOL_1196955,CC1(OC2OC(CO)C(O)C(O)C2O)C(=O)CC2CC1C2(C)C,C16H26O7,331.175020785177,positive,[M+H]+,,2001,280,False,False,False,0.0035714285714285713,C=CCOCCCCOC(=O)C(O)OCCCCOC(=O)C=C,CASMI_MOL_871495,0.14236858487129211,0.05555555555555555,True,
CASMI2022,157,157,FragAnnotor-trained-neural,completed,trained_neural_checkpoint_report_only,CASMI_MOL_1196956,COc1cc2c(cc1O)CCc1cc(O)ccc1-2,C15H14O3,243.101852416992,positive,[M+H]+,,2001,386,False,False,False,0.0025906735751295338,C#CC(O)c1cc2c(cc1C1(C=C)CC1)OCO2,CASMI_MOL_879981,0.09235206991434097,0.08064516129032258,True,
CASMI2022,158,158,FragAnnotor-trained-neural,completed,trained_neural_checkpoint_report_only,CASMI_MOL_1196958,C=C1C(=O)N(CCCC(=O)O)C2(O)C=C3C=CC(OC(=O)C=CC=CC(C)CC)C(C)C3(C)CC12O,C28H37NO7,500.26370961297,positive,[M+H]+,,2001,291,False,False,False,0.003436426116838488,COc1ccc2c(c1)C1(CC1C1CCC3C(C1)NNC3c1ccc(OCCn3ccnc3)cc1)C(=O)N2,CASMI_MOL_886381,0.16644689440727234,0.1076923076923077,False,
CASMI2022,159,159,FragAnnotor-trained-neural,completed,trained_neural_checkpoint_report_only,CASMI_MOL_1196914,C=C1CCCC(C)(C)C12C=CC(C(=O)O)CC2,C15H22O2,235.169138407502,positive,[M+H]+,,2001,923,False,False,False,0.0010834236186348862,C=CC(C)(O)CCc1ccc(OC(C)C)cc1,CASMI_MOL_631348,0.2355574071407318,0.07936507936507936,True,
CASMI2022,160,160,FragAnnotor-trained-neural,completed,trained_neural_checkpoint_report_only,CASMI_MOL_1196959,CC(O)(CC(=O)O)CC(=O)OC1CC2(C)C3=C(CCC2C(C)(C)C1O)C1(C)CCC(C(CO)CCC(O)C(C)(C)O)C1(C)C(O)C3,C36H60O10,675.407116912686,positive,[M+Na]+,,658,191,False,False,False,0.005235602094240838,CC1CC(C(C)(C)O)OC1C1C(O)CC2(C)C3CC(OC4OC(CO)C(O)C(O)C4O)C4C(C)(C)C(O)CCC45CC35CCC12C,CASMI_MOL_890086,0.0452876016497612,0.16393442622950818,True,
CASMI2022,161,161,FragAnnotor-trained-neural,completed,trained_neural_checkpoint_report_only,CASMI_MOL_1196960,COc1cc(C2OC(c3ccc4c(c3)OCO4)C(C)C2C)ccc1OC(C)C(O)c1ccc2c(c1)OCO2,C30H32O8,543.198551160103,positive,[M+Na]+,,2001,168,False,False,False,0.005952380952380952,c1ccc2c(c1)C1=NC2Nc2[nH]c(c3ccccc23)N=C2NC(Nc3[nH]c(c4ccccc34)N1)c1ccccc12,CASMI_MOL_890524,0.06279414147138596,0.056818181818181816,False,
CASMI2022,162,162,FragAnnotor-trained-neural,completed,trained_neural_checkpoint_report_only,CASMI_MOL_1196961,COC1C=COC2(C)Oc3c(C)c(O)c4c(O)c(c5c(nc6cc(C)ccn65)c4c3C2=O)NC(=O)C(C)=CC=CC(C)C(O)C(C)C(O)C(C)C(OC(C)=O)C1C,C43H51N3O11,808.339580864948,positive,[M+Na]+,,529,293,False,False,False,0.0034129692832764505,CNCC1CCC(Oc2cc3c(cc2O)C(CCO)SSCC(O)C(Cc2cc(OC)c(O)c(OCO)c2)C(O)CC(OCO)CC3)CC1CCCO,CASMI_MOL_895034,0.10296237468719482,0.07407407407407407,False,
CASMI2022,163,163,FragAnnotor-trained-neural,completed,trained_neural_checkpoint_report_only,CASMI_MOL_1196962,CCC(C)C1NC(=O)C2CCCN2C(=O)C(C(C)CC)NC(=O)c2ccccc2NC(=O)C(Cc2ccc(O)cc2)NC(=O)C(C)NC(=O)C(C(C)O)NC1=O,C40H55N7O9,778.412071426478,positive,[M+H]+,,361,155,False,False,False,0.0064516129032258064,CC(C)(C)c1cc(-c2ccccc2)c2c(c1)c(-c1ccccc1)c1c3c4c([nH]cc3n3c5cc(C#N)c6c(c5c2c13)C1CC2CC3CC6CC32C1)=C1CC2CC(C1)CC4C2,CASMI_MOL_895514,0.27163419127464294,0.09219858156028368,False,
CASMI2022,164,164,FragAnnotor-trained-neural,completed,trained_neural_checkpoint_report_only,CASMI_MOL_1196963,CCC(C)=CC=CCC(=O)OCC(O)C(O)C(O)C(O)CO,C15H26O7,319.174937465293,positive,[M+H]+,,2001,811,False,False,False,0.0012330456226880395,O=C(CCCCOC(=O)CCn1ccnc1)CCn1ccnc1,CASMI_MOL_896054,0.14679236710071564,0.1076923076923077,False,
CASMI2022,165,165,FragAnnotor-trained-neural,completed,trained_neural_checkpoint_report_only,CASMI_MOL_1196937,CC1OC(OC2C(Oc3c(-c4ccc(O)cc4)oc4cc(OC5OC(CO)C(O)C(O)C5OC(=O)C=Cc5ccc(O)cc5)cc(O)c4c3=O)OC(CO)C(O)C2O)C(O)C(O)C1O,C42H46O22,903.254435229549,positive,[M+H]+,,631,279,False,False,False,0.0035842293906810036,CCCCCCCCCCCSC1=C(SCCCCCCCCCCC)SC(=C2SC3=C(CCSCCSCCSCCSCCSCC3)S2)S1,CASMI_MOL_763219,0.05454186350107193,0.027777777777777776,False,
CASMI2022,166,166,FragAnnotor-trained-neural,completed,trained_neural_checkpoint_report_only,CASMI_MOL_1196964,CC1(C)CC(O)CC2(C)OC(=O)C=C12,C11H16O3,197.117068765905,positive,[M+H]+,,2001,100,False,False,False,0.01,CCCC1(OCCO)C=CC(=O)C=C1,CASMI_MOL_906747,0.1888130158185959,0.13725490196078433,True,
CASMI2022,167,167,FragAnnotor-trained-neural,completed,trained_neural_checkpoint_report_only,CASMI_MOL_1196965,CC(C(=O)O)C1CC2(C)C(=CCCC2C)C(O)C1O,C15H24O4,291.156443456133,positive,[M+Na]+,,2001,577,False,False,False,0.0017331022530329288,C=C1C(O)C2C3C(CCC2(C)O)C(C)CC(O)C13O,CASMI_MOL_912356,0.05134151503443718,0.19672131147540983,True,
CASMI2022,168,168,FragAnnotor-trained-neural,completed,trained_neural_checkpoint_report_only,CASMI_MOL_1196966,CC=CC=CC(=O)OC1C(C)C(C(C)CC(C)=CC)OC(=O)C1(C)O,C20H30O5,373.197929451086,positive,[M+Na]+,,2001,758,False,False,False,0.0013192612137203166,COCCN1CCN(CCOC)CC(C)(C)SSC(C)(C)C1,CASMI_MOL_923241,0.056333135813474655,0.07246376811594203,False,
CASMI2022,169,169,FragAnnotor-trained-neural,completed,trained_neural_checkpoint_report_only,CASMI_MOL_1196967,CC(C)(O)c1ccccc1CCC(SCC1(CC(=O)O)CC1)c1cccc(C=Cc2ccc3ccc(Cl)cc3n2)c1,C35H36ClNO3S,586.21728515625,positive,[M+H]+,,2001,1714,False,False,False,0.0005834305717619603,c1ccc2c(c1)oc1cc(-c3c4ccccc4c(-c4ccc(-n5c6ccccc6c6ccccc65)cc4)c4ccccc34)ccc12,CASMI_MOL_930342,0.17269977927207947,0.0594059405940594,False,
CASMI2022,170,170,FragAnnotor-trained-neural,completed,trained_neural_checkpoint_report_only,CASMI_MOL_1196898,C=C1CC23CC1CCC2C1(C)CCCC2(C)C(=O)OC(C21)C3O,C20H28O3,317.210941458283,positive,[M+H]+,,2001,1737,False,False,False,0.0005757052389176742,COc1ccnc(NCC2CCCN(C)C2c2cncn2C)n1,CASMI_MOL_550234,0.33611056208610535,0.06666666666666667,False,
CASMI2022,171,171,FragAnnotor-trained-neural,completed,trained_neural_checkpoint_report_only,CASMI_MOL_1196968,COc1ccc(-c2oc3c(CC=C(C)C)c(O)cc(O)c3c(=O)c2OC2OC(C)C(O)C(O)C2OC2OCC(O)C(O)C2O)cc1,C32H38O14,647.232372764582,positive,[M+H]+,,1728,972,False,False,False,0.00102880658436214,CCC=CC(O)C(Cl)C(O)CC(O)C(O)C(O)C(C)C(Cl)=CC=CC=CC=CC=CC(=O)OC1CC(C(=O)O)CCC1O,CASMI_MOL_935344,0.10315326601266861,0.0873015873015873,False,
CASMI2022,172,172,FragAnnotor-trained-neural,completed,trained_neural_checkpoint_report_only,CASMI_MOL_1196879,CCC(C)C1C(C)=CC2C(O)C(C)CC(C)C2C1(C)C(=O)CCO,C21H36O3,337.273350277786,positive,[M+H]+,,1959,626,False,False,False,0.001597444089456869,C=C(C)C(CC(C)(C)CC(C)(C)CC(C)(C)C)c1cc(O)oc1O,CASMI_MOL_463505,0.3155684173107147,0.07792207792207792,True,
CASMI2022,173,173,FragAnnotor-trained-neural,completed,trained_neural_checkpoint_report_only,CASMI_MOL_1196969,C=CC1C(OC2OC(COC(C)=O)C(O)C(O)C2O)OC=C2C(=O)OCCC21O,C18H24O11,417.138772181597,positive,[M+H]+,,2001,843,False,False,False,0.0011862396204033216,Oc1ccc(C=Nn2c(CC(c3ccccc3)c3ccccc3)n[nH]c2=S)c(O)c1,CASMI_MOL_937041,0.16179251670837402,0.06060606060606061,False,
CASMI2022,174,174,FragAnnotor-trained-neural,completed,trained_neural_checkpoint_report_only,CASMI_MOL_1196970,CC1CCC2(C(=O)OC3OC(CO)C(O)C(O)C3O)CCC3(C)C(=CCC4C5(C)CCC(OC6OC(C(=O)O)C(O)C(O)C6OC6OCC(O)C(O)C6O)C(C)(C)C5CCC43C)C2C1(C)O,C47H74O19,965.470336914063,positive,[M+Na]+,,388,145,False,False,False,0.006896551724137931,O=C(CCN1CCNCC1)OCOC(=O)CCN1CCN(CCC(=O)OCC(=O)OCCOC(=O)COC(=O)CCN2CCN(CCC(=O)OCOC(=O)CCN3CCNCC3)CC2)CC1,CASMI_MOL_945858,0.05611695721745491,0.07079646017699115,False,
CASMI2022,175,175,FragAnnotor-trained-neural,completed,trained_neural_checkpoint_report_only,CASMI_MOL_1196971,COc1cc(C2OCC(C(OC3OC(CO)C(O)C(O)C3O)c3ccc(O)c(OC)c3)C2CO)ccc1O,C26H34O12,561.194132924822,positive,[M+Na]+,,2001,159,False,False,False,0.006289308176100629,CCCCn1c(=S)[nH]c(O)c(C=Nc2ccc3c(c2)CC2(C(=O)N(C)C(=O)N(C)C2=O)C2CCCN32)c1=O,CASMI_MOL_947402,0.07493357360363007,0.10344827586206896,False,
CASMI2022,176,176,FragAnnotor-trained-neural,completed,trained_neural_checkpoint_report_only,CASMI_MOL_1196972,COc1ccc(C2CC(=O)c3c(O)cc(OC4OC(COC5OC(C)C(O)C(O)C5O)C(O)C(O)C4O)cc3O2)cc1O,C28H34O15,611.196249141132,positive,[M+H]+,,2001,204,False,False,False,0.004901960784313725,OCC1OC(OC2C(OC3C(OCCOCCCl)OC(CO)C(O)C3O)OC(CO)C(O)C2O)C(O)C(O)C1O,CASMI_MOL_950552,0.09293634444475174,0.18181818181818182,False,
CASMI2022,177,177,FragAnnotor-trained-neural,completed,trained_neural_checkpoint_report_only,CASMI_MOL_1196973,CN(C)CCC(CSc1ccccc1)Nc1ccc(S(=O)(=O)NC(=O)c2ccc(N3CCN(Cc4ccccc4-c4ccc(Cl)cc4)CC3)cc2)cc1[N+](=O)[O-],C42H45ClN6O5S2,813.264282226563,positive,[M+H]+,,336,239,False,False,False,0.0041841004184100415,OCC1OC(Oc2c(O)cc(O)cc2C2C(c3ccc(O)cc3)C(c3ccc(O)cc3)C2c2cc(O)cc(O)c2OC2OC(CO)C(O)C(O)C2O)C(O)C(O)C1O,CASMI_MOL_952969,0.0877416729927063,0.056451612903225805,False,
CASMI2022,178,178,FragAnnotor-trained-neural,completed,trained_neural_checkpoint_report_only,CASMI_MOL_1196974,CC(C)=CCc1ccc2c(C(C=C(C)C)c3ccc4cc[nH]c4c3)c[nH]c2c1,C26H28N2,369.230865478516,positive,[M+H]+,,2001,334,False,False,False,0.0029940119760479044,CCOC(=O)c1sc(C(C)N=C(NC)NCCCCC(C)C)nc1C,CASMI_MOL_954603,0.20442359149456024,0.06451612903225806,False,
CASMI2022,179,179,FragAnnotor-trained-neural,completed,trained_neural_checkpoint_report_only,CASMI_MOL_1196975,CC1C=CC2CCCCC2C1c1cc(NC(CCC(N)=O)C(=O)O)c(C=O)c(=O)o1,C22H28N2O6,417.201470595733,positive,[M+H]+,,2001,1236,False,False,False,0.0008090614886731392,C(CCN1CCN(Cc2cccs2)CC1)=C1c2ccccc2COc2ccccc21,CASMI_MOL_956423,0.08607540279626846,0.07,False,
CASMI2022,180,180,FragAnnotor-trained-neural,completed,trained_neural_checkpoint_report_only,CASMI_MOL_1196976,COc1c2c(c(C)c3c1C(=O)OC3)OC1(C)CC(O)C34OC(OC)(CCC3(C)C1C2)OC4(C)CO,C26H34O9,491.226984056055,positive,[M+H]+,,2001,693,False,False,False,0.001443001443001443,C1=Cc2ccccc2N(c2nc(-c3ccccc3)c(N3CC=Cc4ccccc43)c(-c3ccccc3)n2)C1,CASMI_MOL_965366,0.11232384294271469,0.05263157894736842,False,
CASMI2022,181,181,FragAnnotor-trained-neural,completed,trained_neural_checkpoint_report_only,CASMI_MOL_1196915,CC1=C(C(=O)O)CC2(C)CCC3C(C)CCC132,C15H22O2,235.169064683683,positive,[M+H]+,,2001,918,False,False,False,0.0010893246187363835,CCCc1ccc(OCC2CO2)c(C(C)C)c1,CASMI_MOL_630571,0.11408211290836334,0.05970149253731343,True,
CASMI2022,182,182,FragAnnotor-trained-neural,completed,trained_neural_checkpoint_report_only,CASMI_MOL_1196977,CC1CCC2(C(=O)OC3OC(CO)C(O)C(O)C3O)CCC3(C)C(=CCC4C5(C)CCC(O)C(C)(CO)C5CCC43C)C2C1(C)O,C36H58O10,673.391311496026,positive,[M+Na]+,,826,180,False,False,False,0.005555555555555556,C=C(C)C1CCC2(C(=O)O)CCC3(C)C(CCC4C5(C)CC(OC(=O)C(O)C(O)C(O)C(O)CO)CC(C)(C)C5C(O)CC43C)C12,CASMI_MOL_971713,0.04375026747584343,0.175,True,
CASMI2022,183,183,FragAnnotor-trained-neural,completed,trained_neural_checkpoint_report_only,CASMI_MOL_1196931,CCCCC(O)C=CCC=CCCCC(=O)NC(CCC(=O)O)C(=O)O,C19H31NO6,392.204095726442,positive,[M+Na]+,,2001,425,False,False,False,0.002352941176470588,CC=CC(C)COC(=O)N=C(C(=O)OC)C(CC)CCC1(C)OCCO1,CASMI_MOL_717721,0.09200794249773026,0.13414634146341464,True,
CASMI2022,184,184,FragAnnotor-trained-neural,completed,trained_neural_checkpoint_report_only,CASMI_MOL_1196978,COC1CC(OC2C(C)OC(OC3C(C)=CCC4CC(CC5(C=CC(C)C(C6CCCCC6)O5)O4)OC(=O)C4=CC(C)C(O)C5OCC(=CC=CC3C)C45O)CC2OC)OC(C)C1O,C50H74O14,921.496181071942,positive,[M+Na]+,,219,76,False,False,False,0.013157894736842105,CC(C)CC(NC(=O)C(N)CC(N)=O)C(=O)NC(C(=O)N1CCCC1C(=O)NC(CO)C(=O)NC(C(=O)NC(C)C(=O)NC(C(=O)NC(C(=O)O)C(C)C)C(C)O)C(C)C)C(C)C,CASMI_MOL_972200,0.12553128600120544,0.06535947712418301,False,
CASMI2022,185,185,FragAnnotor-trained-neural,completed,trained_neural_checkpoint_report_only,CASMI_MOL_1196979,COc1cc(C=CC(C)=O)ccc1O,C11H12O3,193.085852176167,positive,[M+H]+,,2001,1008,False,False,False,0.000992063492063492,O=CCOC1CCOc2ccccc21,CASMI_MOL_972808,0.15021519362926483,0.125,True,
CASMI2022,186,186,FragAnnotor-trained-neural,completed,trained_neural_checkpoint_report_only,CASMI_MOL_1196980,COC(=O)c1c(O)cc(OC)c(C)c1C(C)C(C)=O,C14H18O5,267.122505644981,positive,[M+H]+,,2001,1247,False,False,False,0.0008019246190858059,c1ccc2c(c1)ncn2-c1ccnc(OC2CCC2)n1,CASMI_MOL_979525,0.1524176448583603,0.041666666666666664,False,
CASMI2022,187,187,FragAnnotor-trained-neural,completed,trained_neural_checkpoint_report_only,CASMI_MOL_1196981,COc1ccc(-c2oc3c(OC)c(OC)cc(OC)c3c(=O)c2OC)cc1OC,C21H22O8,403.138301404899,positive,[M+H]+,,2001,307,False,False,False,0.003257328990228013,O=C1CC(c2ccccc2)Oc2c1ccc(O)c2C1OC(CO)C(O)C(O)C1O,CASMI_MOL_988604,0.05631707236170769,0.07692307692307693,True,
CASMI2022,188,188,FragAnnotor-trained-neural,completed,trained_neural_checkpoint_report_only,CASMI_MOL_1196982,CC=C(C)C(=O)Oc1c(OC)c(OC)cc2c1-c1c(cc3c(c1OC)OCO3)CC(C)C(C)C2,C27H32O7,469.22139095747,positive,[M+H]+,,2001,94,False,False,False,0.010638297872340425,O=S1(=O)OC2CC3CC1C2C3C1CCOC2(CCCC(C3CCC4(C3)OCCCO4)C2)O1,CASMI_MOL_997263,0.05103984475135803,0.06521739130434782,False,
CASMI2022,189,189,FragAnnotor-trained-neural,completed,trained_neural_checkpoint_report_only,CASMI_MOL_1196983,CN(C)C(=O)Oc1cc(OC(=O)N(C)C)cc(C(O)CNC(C)(C)C)c1,C18H29N3O5,368.217760698508,positive,[M+H]+,,2001,1718,False,False,False,0.0005820721769499418,CC(O)CN1CCN(CCCS(=O)(=O)O)CCN(CC(C)O)CC1,CASMI_MOL_1003624,0.03972232714295387,0.1016949152542373,False,
CASMI2022,190,190,FragAnnotor-trained-neural,completed,trained_neural_checkpoint_report_only,CASMI_MOL_1196940,Cc1c(O)cc(C2C(C)C=CC3CCCCC32)oc1=O,C17H22O3,275.163853197791,positive,[M+H]+,,2001,1630,False,False,False,0.0006134969325153375,C#CCCC1(CCC(=O)NC(C)Cn2cncn2)N=N1,CASMI_MOL_765121,0.18055874109268188,0.075,False,
CASMI2022,191,191,FragAnnotor-trained-neural,completed,trained_neural_checkpoint_report_only,CASMI_MOL_1196908,CC1C2OC(C)(C)C(O)C2(O)OC2CC3(C)C4CCC5C(C)(C)C(=O)CCC56CC46CCC3(C)C21,C30H46O5,487.341250778403,positive,[M+H]+,,1876,447,False,False,False,0.0022371364653243847,COc1cc(-c2[nH]c3ccc(C4CCN(C5CCN(CC6CC6)CC5)CC4)cc3c2C(C)C)ccn1,CASMI_MOL_594163,0.35813435912132263,0.04504504504504504,False,
CASMI2022,192,192,FragAnnotor-trained-neural,completed,trained_neural_checkpoint_report_only,CASMI_MOL_1196984,CC(=O)OC(C)(C)C1OC23OC1CC(C)C2C1(C)CCC24CC25CCC(OC2OCC(O)C(O)C2O)C(C)(C)C5CC=C4C1(C)C3O,C37H56O10,661.39362166225,positive,[M+H]+,,735,31,False,False,False,0.03225806451612903,CC(=CCOc1c2c(cc3oc(=O)ccc13)CC=C2)CCC1CC2(C=Cc3ccc(OCC=C(C)CC4CC(C)(C)C4)cc3O2)CC1(C)C,CASMI_MOL_1007136,0.4263928234577179,0.09271523178807947,False,
CASMI2022,193,193,FragAnnotor-trained-neural,completed,trained_neural_checkpoint_report_only,CASMI_MOL_1196985,CCCCCc1cc2cc(O)cc(Oc3c(O)cc(OC)cc3CCCCC)c2c(=O)o1,C26H32O6,441.226683930043,positive,[M+H]+,,2001,661,False,False,False,0.0015128593040847202,c1ccc(Cn2nnc(-c3ccccc3)c2-c2ccc(OCCN3CCOCC3)cc2)cc1,CASMI_MOL_1008309,0.21479715406894684,0.06382978723404255,False,
CASMI2022,194,194,FragAnnotor-trained-neural,completed,trained_neural_checkpoint_report_only,CASMI_MOL_1196986,Nc1ccc(S(=O)(=O)Nc2ccnn2-c2ccccc2)cc1,C15H14N4O2S,315.090498851477,positive,[M+H]+,,2001,1679,False,False,False,0.0005955926146515784,COc1cnc(NC(=O)c2cccc(Cn3ccnc3)c2)s1,CASMI_MOL_1017104,0.2502724528312683,0.1282051282051282,True,
CASMI2022,195,195,FragAnnotor-trained-neural,completed,trained_neural_checkpoint_report_only,CASMI_MOL_1196987,CC(C)=CCc1c(O)cc(O)c2c(=O)c(OC3OC(C)C(O)C(O)C3OC3OC(CO)C(O)C(O)C3O)c(-c3ccc(O)cc3)oc12,C32H38O15,663.227678443159,positive,[M+H]+,,1274,279,False,False,False,0.0035842293906810036,CCCCOC1COC(c2ccc(C(F)(F)Oc3ccc(-c4ccc(-c5cc(F)c(CCC)c(F)c5)c(F)c4)c(F)c3)c(F)c2)OC1,CASMI_MOL_1026111,0.07735610008239746,0.11764705882352941,False,
CASMI2022,196,196,FragAnnotor-trained-neural,completed,trained_neural_checkpoint_report_only,CASMI_MOL_1196988,CC1(CCCC=CCC=CCCCC(=O)NC(CCC(=O)O)C(=O)O)NC(=O)c2ccccc2N1,C26H35N3O6,486.259335227713,positive,[M+H]+,,2001,1303,False,False,False,0.0007674597083653108,O=P(c1ccsc1N1CCOCC1)(C12CC3CC(CC(C3)C1)C2)C12CC3CC(CC(C3)C1)C2,CASMI_MOL_1028054,0.13008339703083038,0.054945054945054944,False,
CASMI2022,197,197,FragAnnotor-trained-neural,completed,trained_neural_checkpoint_report_only,CASMI_MOL_1196989,CCC(C)CCCCCCCCCCC(=O)OCC(O)CO[PH](=O)(=O)OCC(O)COC1OC(COC2OC(CO)C(O)C(O)C2O)C(O)C(O)C1O,,817.357713514593,positive,[M+Na]+,,1202,1,True,True,True,1.0,CCC(C)CCCCCCCCCCC(=O)OCC(O)CO[PH](=O)(=O)OCC(O)COC1OC(COC2OC(CO)C(O)C(O)C2O)C(O)C(O)C1O,CASMI_MOL_1196989,0.06862533092498779,,False,
CASMI2022,198,198,FragAnnotor-trained-neural,completed,trained_neural_checkpoint_report_only,CASMI_MOL_1196990,C=CC(C)(O)CC=CC(CO)C(=O)OC,C11H18O4,237.109558105469,positive,[M+Na]+,,2001,115,False,False,False,0.008695652173913044,NC1(C2(c3cnc4cnccn34)CC2)CC1,CASMI_MOL_1032393,0.06329753249883652,0.015625,False,
CASMI2022,199,199,FragAnnotor-trained-neural,completed,trained_neural_checkpoint_report_only,CASMI_MOL_1196991,Cc1cc(NC(=O)C2C(=O)c3ccccc3S(=O)(=O)N2C)no1,C14H13N3O5S,336.064621637157,positive,[M+H]+,,2001,1143,False,False,False,0.0008748906386701663,O=C(Nc1ccc(Nc2ccc(Cl)cc2Cl)cc1)NC1CC1,CASMI_MOL_1042975,0.26181119680404663,0.1388888888888889,False,
CASMI2022,200,200,FragAnnotor-trained-neural,completed,trained_neural_checkpoint_report_only,CASMI_MOL_1196992,CC1OC(OC2C(OC3C(OC4CCC5(C)C(CCC6(C)C5CC=C5C7CC(C)(CO)CC(O)C7(C)CCC56C)C4(C)CO)OC(C(=O)O)C(O)C3O)OC(CO)C(O)C2O)C(O)C(O)C1O,C48H78O19,959.519496084228,positive,[M+H]+,,510,25,False,False,False,0.04,C=C1C2(C)C(OC(=O)C3CC(C(=O)O)C3(C)C)CCC3(C)C4CCC5=C6C(C(C)C)C(=O)CC6(C(O)CNC(=O)C(C)(C)NC(=O)c6ccc(Cl)cc6OC6CCOC6)CCC5(C)C4(C)CCC132,CASMI_MOL_1046328,0.3277095556259155,0.15204678362573099,False,
CASMI2022,201,201,FragAnnotor-trained-neural,completed,trained_neural_checkpoint_report_only,CASMI_MOL_1196993,CC1(C)C=Cc2c(c(O)c3c(O)cccc3c2O)O1,C15H14O4,259.096368166086,positive,[M+H]+,,2001,1376,False,False,False,0.0007267441860465116,c1cncc(-c2ncc3cc4ccncc4cc3n2)c1,CASMI_MOL_1046983,0.16568714380264282,0.08064516129032258,False,
CASMI2022,202,202,FragAnnotor-trained-neural,completed,trained_neural_checkpoint_report_only,CASMI_MOL_1196994,CCCC=CCOC1OC(CO)C(O)C(O)C1O,C12H22O6,285.130608044406,positive,[M+Na]+,,2001,9,False,False,True,0.1111111111111111,CCC=CCC(O)C1OC(CO)C(O)C(O)C1O,CASMI_MOL_1054161,0.046628400683403015,0.3829787234042553,True,
CASMI2022,203,203,FragAnnotor-trained-neural,completed,trained_neural_checkpoint_report_only,CASMI_MOL_1196889,CCC(O)CCC=CCC=CC(O)C(O)CCCCCC(=O)O,C18H32O5,351.213809878461,positive,[M+Na]+,,2001,1126,False,False,False,0.0008880994671403197,OCCOCCOCCOCC(O)C12CC3CC(CC(C3)C1)C2,CASMI_MOL_504187,0.03883643075823784,0.0625,True,
CASMI2022,204,204,FragAnnotor-trained-neural,completed,trained_neural_checkpoint_report_only,CASMI_MOL_1196995,CC=C(C)C(=O)OC1c2cc(OC)c(OC)c(OC)c2-c2c(cc(OC)c(OC)c2OC)CC(C)C1(C)O,C29H38O9,553.239949722027,positive,[M+Na]+,,2001,31,False,False,False,0.03225806451612903,CCC(C)(C(=O)OC12CC3CC(C1)CC(OC(C)C(=O)OC(C(F)(F)F)C(F)(F)F)(C3)C2)C(C)(C)C,CASMI_MOL_1064701,0.11495813727378845,0.08888888888888889,False,
CASMI2022,205,205,FragAnnotor-trained-neural,completed,trained_neural_checkpoint_report_only,CASMI_MOL_1196996,CC(=O)OC1Cc2ccccc2N(C(N)=O)c2ccccc21,C17H16N2O3,297.12325418177,positive,[M+H]+,,2001,1126,False,False,False,0.0008880994671403197,CCOC(=O)c1ccccc1NC(=O)C=Cc1cccnc1,CASMI_MOL_1067203,0.19735240936279297,0.1527777777777778,True,
CASMI2022,206,206,FragAnnotor-trained-neural,completed,trained_neural_checkpoint_report_only,CASMI_MOL_1196927,COc1cc2c(cc1O)CCc1cc(O)cc(OC)c1-2,C16H16O4,273.112060546875,positive,[M+H]+,,2001,155,False,False,False,0.0064516129032258064,C=C(F)C(=O)OC(CC(C)(O)C(F)(F)F)C(C)C,CASMI_MOL_690487,0.06779950112104416,0.05084745762711865,False,
CASMI2022,207,207,FragAnnotor-trained-neural,completed,trained_neural_checkpoint_report_only,CASMI_MOL_1196997,CC=CC1Oc2c(C)oc(O)c2C(O)C1O,C11H14O5,227.091207796557,positive,[M+H]+,,2001,1511,False,False,False,0.0006618133686300463,Oc1ccc(Cn2cncn2)c2cccnc12,CASMI_MOL_1076988,0.2616173326969147,0.046153846153846156,False,
CASMI2022,208,208,FragAnnotor-trained-neural,completed,trained_neural_checkpoint_report_only,CASMI_MOL_1196916,C=CC(=C)CC=CC(CCC=C(C)C)C(=O)O,C15H22O2,235.169023595214,positive,[M+H]+,,2001,812,False,False,False,0.0012315270935960591,CC(C)(C)Oc1cccc(C(=O)C(C)(C)C)c1,CASMI_MOL_630846,0.3007606863975525,0.06896551724137931,True,
CASMI2022,209,209,FragAnnotor-trained-neural,completed,trained_neural_checkpoint_report_only,CASMI_MOL_1196904,COc1cc(CCc2cccc(O)c2)cc(O)c1OC,C16H18O4,275.127561614585,positive,[M+H]+,,2001,837,False,False,False,0.0011947431302270011,Cc1ccc2oc(=O)c(C(=O)CCC(C)C)c(O)c2c1,CASMI_MOL_577321,0.5086008310317993,0.12307692307692308,True,
CASMI2022,210,210,FragAnnotor-trained-neural,completed,trained_neural_checkpoint_report_only,CASMI_MOL_1196998,COc1cc(C=CC(N)=O)ccc1O,C10H11NO3,194.081074419737,positive,[M+H]+,,2001,402,False,False,False,0.0024875621890547263,CONc1c(C)oc2cc(O)ccc12,CASMI_MOL_1082928,0.16471731662750244,0.19607843137254902,True,
CASMI2022,211,211,FragAnnotor-trained-neural,completed,trained_neural_checkpoint_report_only,CASMI_MOL_1196999,O=C1CCCC2C3CCC[N+]4([O-])CCCC(CN12)C34,C15H24N2O2,265.190887245176,positive,[M+H]+,,2001,921,False,False,False,0.0010857763300760044,COCCCN(C)C(C)C(=O)Nc1cccc(C)c1,CASMI_MOL_1090689,0.24851439893245697,0.02702702702702703,True,
CASMI2022,212,212,FragAnnotor-trained-neural,completed,trained_neural_checkpoint_report_only,CASMI_MOL_1197000,CC(C)CNC(=O)CC(O)c1ccccc1,C13H19NO2,222.148667506899,positive,[M+H]+,,2001,1890,False,False,False,0.0005291005291005291,COc1ccc(O)c(C2(CCN)CCC2)c1,CASMI_MOL_1099198,0.054808445274829865,0.10344827586206896,True,
CASMI2022,213,213,FragAnnotor-trained-neural,completed,trained_neural_checkpoint_report_only,CASMI_MOL_1197001,COc1cc2c(c(O)c1OC)-c1c(cc(OC)c(OC)c1OC)CC(C)C(C)C2,C23H30O6,403.211022742836,positive,[M+H]+,,2001,13,False,False,False,0.07692307692307693,CC(C)OC1C2(C(C)C)OC2C2OC23C2(C)CCc4c(coc4O)C2CC2OC213,CASMI_MOL_1109399,0.23142290115356445,0.11538461538461539,True,
CASMI2022,214,214,FragAnnotor-trained-neural,completed,trained_neural_checkpoint_report_only,CASMI_MOL_1197002,COC(=O)c1cccc2oc3cccc(O)c3c(=O)c12,C15H10O5,271.059841928281,positive,[M+H]+,,1846,1664,False,False,False,0.0006009615384615385,CCOC(=O)c1c(N)nn2cc(OC)c(Cl)nc12,CASMI_MOL_1117343,0.05569370836019516,0.15384615384615385,False,
CASMI2022,215,215,FragAnnotor-trained-neural,completed,trained_neural_checkpoint_report_only,CASMI_MOL_1197003,C=C1CC=CC(CO)C(=O)C=CC(C)(COC(C)=O)CC1O,C17H24O5,309.169381324284,positive,[M+H]+,,2001,244,False,False,False,0.004098360655737705,CCCC(=O)c1c(O)c(OC)c(O)c(CC=C(C)C)c1OC,CASMI_MOL_1120227,0.4023597240447998,0.12,True,
CASMI2022,216,216,FragAnnotor-trained-neural,completed,trained_neural_checkpoint_report_only,CASMI_MOL_1197004,CC1(C)CCc2oc(=O)c3cccc(O)c3c(=O)c2O1,C15H14O5,275.091150535382,positive,[M+H]+,,2001,665,False,False,False,0.0015037593984962407,C=CC(=O)OC(C)Oc1ccc2c(C)cc(=O)oc2c1,CASMI_MOL_1129373,0.23482853174209595,0.14084507042253522,True,
CASMI2022,217,217,FragAnnotor-trained-neural,completed,trained_neural_checkpoint_report_only,CASMI_MOL_1197005,CCCCCCC(O)CC(=O)OC(CCCCCC)CC(=O)OC,C19H36O5,367.245134102404,positive,[M+Na]+,,2001,266,False,False,False,0.0037593984962406013,CCCCCCCCCCCCCC(=O)OC(CO)COC(C)=O,CASMI_MOL_1134522,0.04612508788704872,0.3541666666666667,True,
CASMI2022,218,218,FragAnnotor-trained-neural,completed,trained_neural_checkpoint_report_only,CASMI_MOL_1197006,O=C(NCc1cccnc1)Nc1ccc([N+](=O)[O-])cc1,C13H12N4O3,273.097993820206,positive,[M+H]+,,2001,28,False,False,False,0.03571428571428571,Nc1cccc(NC(=O)Nc2ccc([N+](=O)[O-])cc2)c1,CASMI_MOL_1140432,0.18198849260807037,0.45098039215686275,True,
CASMI2022,219,219,FragAnnotor-trained-neural,completed,trained_neural_checkpoint_report_only,CASMI_MOL_1197007,CC(C)CCCCCCCCC(=O)NC(CC(=O)O)C(N)=O,C16H30N2O4,315.227363745888,positive,[M+H]+,,2001,1311,False,False,False,0.0007627765064836003,Cn1cc(CN2CCCC(n3cncn3)C2)c(C2CCCC2)n1,CASMI_MOL_1146477,0.15876488387584686,0.03896103896103896,False,
CASMI2022,220,220,FragAnnotor-trained-neural,completed,trained_neural_checkpoint_report_only,CASMI_MOL_1196917,CC1(C)CCC=C2C=CC(C(=O)O)CCC21C,C15H22O2,235.1689207741,positive,[M+H]+,,2001,858,False,False,False,0.0011655011655011655,CCC1CCC(CC)(OCc2ccccc2)O1,CASMI_MOL_630484,0.26106759905815125,0.1694915254237288,True,
CASMI2022,221,221,FragAnnotor-trained-neural,completed,trained_neural_checkpoint_report_only,CASMI_MOL_1197008,C=C(C(=O)O)C1(O)CC2(C)C(=CC1=O)C=CC(OC(=O)C=CC=CC(C)CC)C2C,C24H30O6,415.211006003416,positive,[M+H]+,,2001,667,False,False,False,0.0014992503748125937,C=CC=C(C=[N+](C)C)c1ccc2cnc(N=C([O-])c3ccnc(OC(C)C)c3)cc2c1,CASMI_MOL_1149665,0.29139992594718933,0.08256880733944955,False,
CASMI2022,222,222,FragAnnotor-trained-neural,completed,trained_neural_checkpoint_report_only,CASMI_MOL_1197009,COC(=O)C(C)CCCC(C)=CCc1c(OC)c(C)c2coc(O)c2c1O,C21H28O6,377.195318456245,positive,[M+H]+,,2001,689,False,False,False,0.001451378809869376,O=C(NC(Cn1ccnc1)C(=O)NC1CCCC1)c1cccc2ccccc12,CASMI_MOL_1159786,0.4388529658317566,0.09183673469387756,False,
CASMI2022,223,223,FragAnnotor-trained-neural,completed,trained_neural_checkpoint_report_only,CASMI_MOL_1197010,CCC(C)=CC(C)=CCC(=O)OC1=CC=C2CC(=O)C(=O)CC2(C)C1C,C22H28O4,357.205526462194,positive,[M+H]+,,2001,464,False,False,False,0.0021551724137931034,CN1CCCn2nc(C3CCCN(C(=O)Cn4ccnc4)C3)cc2C1=O,CASMI_MOL_1168751,0.16695638000965118,0.11578947368421053,False,
CASMI2022,224,224,FragAnnotor-trained-neural,completed,trained_neural_checkpoint_report_only,CASMI_MOL_1197011,O=[N+]([O-])NC1=NCCN1Cc1ccc(Cl)nc1,C9H10ClN5O2,256.059356689453,positive,[M+H]+,,2001,1132,False,False,False,0.0008833922261484099,O=Cc1ccc(C(=O)c2ccccc2)cc1[N+](=O)[O-],CASMI_MOL_1176948,0.15787217020988464,0.12307692307692308,False,
CASMI2022,225,225,FragAnnotor-trained-neural,completed,trained_neural_checkpoint_report_only,CASMI_MOL_1197012,COc1c(O)c(OC)c2oc(-c3ccccc3O)cc(=O)c2c1O,C17H14O7,331.080666792507,positive,[M+H]+,,2001,1581,False,False,False,0.0006325110689437065,CN1CCN(C(=O)c2csc(S(C)(=O)=O)c2)C(C)(C)C1=O,CASMI_MOL_1179752,0.06408420950174332,0.0958904109589041,False,
CASMI2022,226,226,FragAnnotor-trained-neural,completed,trained_neural_checkpoint_report_only,CASMI_MOL_1197013,CC1CCC2C(C)C(NC(=O)C3OC3C)OC(=O)C12,C14H21NO4,268.154041428283,positive,[M+H]+,,2001,406,False,False,False,0.0024630541871921183,CCON=C(CC)c1c(O)cc(CC(C)C)oc1=O,CASMI_MOL_1187414,0.11941944807767868,0.08450704225352113,True,
CASMI2022,227,227,FragAnnotor-trained-neural,completed,trained_neural_checkpoint_report_only,CASMI_MOL_1197014,CC(C)C(C)C=CC(C)C1CCC2C3=C(CCC21C)C1(C)CCC(O)C=C1CC3=O,C28H42O2,411.3252119159,positive,[M+H]+,,1329,761,False,False,False,0.001314060446780552,CN=C(NCc1ccc(Cn2ccnc2)cc1)NCC(C(C)C)N1CCCCCC1,CASMI_MOL_1196012,0.2518662214279175,0.09278350515463918,False,
CASMI2022,228,228,FragAnnotor-trained-neural,completed,trained_neural_checkpoint_report_only,CASMI_MOL_1196957,Oc1ccc(C2COc3cc(O)ccc3C2)cc1,C15H14O3,243.101499946407,positive,[M+H]+,,2001,572,False,False,False,0.0017482517482517483,Nc1cc(C(N)C2CCOCC2)c(Cl)nn1,CASMI_MOL_878869,0.1097206249833107,0.125,False,
