dataset,model,status,native_or_fallback,query_id,spectrum_id,true_candidate_id,candidate_id,candidate_mol_id,score,rank,is_correct,adduct,candidate_count,source_file
CASMI2022,CFM-ID,completed_cached,native_cfmid_precomputed_full_supported_queries,16,16,CASMI_MOL_1196803,CASMI_MOL_74523,74523,1.2081407,1,False,[M+H]+,103,/home/zhome/ec_structure/github_export/FragAnnotor/results/casmi2022_cfmid_native_precomputed_full_v1/query_shard_11_1_predictions.csv
CASMI2022,CFM-ID,completed_cached,native_cfmid_precomputed_full_supported_queries,16,16,CASMI_MOL_1196803,CASMI_MOL_74483,74483,1.1580149,2,False,[M+H]+,103,/home/zhome/ec_structure/github_export/FragAnnotor/results/casmi2022_cfmid_native_precomputed_full_v1/query_shard_11_1_predictions.csv
CASMI2022,CFM-ID,completed_cached,native_cfmid_precomputed_full_supported_queries,16,16,CASMI_MOL_1196803,CASMI_MOL_74474,74474,1.126101,3,False,[M+H]+,103,/home/zhome/ec_structure/github_export/FragAnnotor/results/casmi2022_cfmid_native_precomputed_full_v1/query_shard_11_1_predictions.csv
CASMI2022,CFM-ID,completed_cached,native_cfmid_precomputed_full_supported_queries,16,16,CASMI_MOL_1196803,CASMI_MOL_74480,74480,1.1247868,4,False,[M+H]+,103,/home/zhome/ec_structure/github_export/FragAnnotor/results/casmi2022_cfmid_native_precomputed_full_v1/query_shard_11_1_predictions.csv
CASMI2022,CFM-ID,completed_cached,native_cfmid_precomputed_full_supported_queries,16,16,CASMI_MOL_1196803,CASMI_MOL_1196803,1196803,1.1140705,5,True,[M+H]+,103,/home/zhome/ec_structure/github_export/FragAnnotor/results/casmi2022_cfmid_native_precomputed_full_v1/query_shard_11_1_predictions.csv
CASMI2022,CFM-ID,completed_cached,native_cfmid_precomputed_full_supported_queries,16,16,CASMI_MOL_1196803,CASMI_MOL_74455,74455,1.0862316,6,False,[M+H]+,103,/home/zhome/ec_structure/github_export/FragAnnotor/results/casmi2022_cfmid_native_precomputed_full_v1/query_shard_11_1_predictions.csv
CASMI2022,CFM-ID,completed_cached,native_cfmid_precomputed_full_supported_queries,16,16,CASMI_MOL_1196803,CASMI_MOL_74485,74485,1.0847765,7,False,[M+H]+,103,/home/zhome/ec_structure/github_export/FragAnnotor/results/casmi2022_cfmid_native_precomputed_full_v1/query_shard_11_1_predictions.csv
CASMI2022,CFM-ID,completed_cached,native_cfmid_precomputed_full_supported_queries,16,16,CASMI_MOL_1196803,CASMI_MOL_74531,74531,1.0846845,8,False,[M+H]+,103,/home/zhome/ec_structure/github_export/FragAnnotor/results/casmi2022_cfmid_native_precomputed_full_v1/query_shard_11_1_predictions.csv
CASMI2022,CFM-ID,completed_cached,native_cfmid_precomputed_full_supported_queries,16,16,CASMI_MOL_1196803,CASMI_MOL_74504,74504,1.0793172,9,False,[M+H]+,103,/home/zhome/ec_structure/github_export/FragAnnotor/results/casmi2022_cfmid_native_precomputed_full_v1/query_shard_11_1_predictions.csv
CASMI2022,CFM-ID,completed_cached,native_cfmid_precomputed_full_supported_queries,16,16,CASMI_MOL_1196803,CASMI_MOL_74460,74460,1.0779643,10,False,[M+H]+,103,/home/zhome/ec_structure/github_export/FragAnnotor/results/casmi2022_cfmid_native_precomputed_full_v1/query_shard_11_1_predictions.csv
CASMI2022,CFM-ID,completed_cached,native_cfmid_precomputed_full_supported_queries,16,16,CASMI_MOL_1196803,CASMI_MOL_74530,74530,1.0738411,11,False,[M+H]+,103,/home/zhome/ec_structure/github_export/FragAnnotor/results/casmi2022_cfmid_native_precomputed_full_v1/query_shard_11_1_predictions.csv
CASMI2022,CFM-ID,completed_cached,native_cfmid_precomputed_full_supported_queries,16,16,CASMI_MOL_1196803,CASMI_MOL_74529,74529,1.0700142,12,False,[M+H]+,103,/home/zhome/ec_structure/github_export/FragAnnotor/results/casmi2022_cfmid_native_precomputed_full_v1/query_shard_11_1_predictions.csv
CASMI2022,CFM-ID,completed_cached,native_cfmid_precomputed_full_supported_queries,16,16,CASMI_MOL_1196803,CASMI_MOL_74454,74454,1.0678318,13,False,[M+H]+,103,/home/zhome/ec_structure/github_export/FragAnnotor/results/casmi2022_cfmid_native_precomputed_full_v1/query_shard_11_1_predictions.csv
CASMI2022,CFM-ID,completed_cached,native_cfmid_precomputed_full_supported_queries,16,16,CASMI_MOL_1196803,CASMI_MOL_74448,74448,1.0669245,14,False,[M+H]+,103,/home/zhome/ec_structure/github_export/FragAnnotor/results/casmi2022_cfmid_native_precomputed_full_v1/query_shard_11_1_predictions.csv
CASMI2022,CFM-ID,completed_cached,native_cfmid_precomputed_full_supported_queries,16,16,CASMI_MOL_1196803,CASMI_MOL_74500,74500,1.0657986,15,False,[M+H]+,103,/home/zhome/ec_structure/github_export/FragAnnotor/results/casmi2022_cfmid_native_precomputed_full_v1/query_shard_11_1_predictions.csv
CASMI2022,CFM-ID,completed_cached,native_cfmid_precomputed_full_supported_queries,16,16,CASMI_MOL_1196803,CASMI_MOL_74476,74476,1.0624907,16,False,[M+H]+,103,/home/zhome/ec_structure/github_export/FragAnnotor/results/casmi2022_cfmid_native_precomputed_full_v1/query_shard_11_1_predictions.csv
CASMI2022,CFM-ID,completed_cached,native_cfmid_precomputed_full_supported_queries,16,16,CASMI_MOL_1196803,CASMI_MOL_74463,74463,1.0615041,17,False,[M+H]+,103,/home/zhome/ec_structure/github_export/FragAnnotor/results/casmi2022_cfmid_native_precomputed_full_v1/query_shard_11_1_predictions.csv
CASMI2022,CFM-ID,completed_cached,native_cfmid_precomputed_full_supported_queries,16,16,CASMI_MOL_1196803,CASMI_MOL_74446,74446,1.0593021,18,False,[M+H]+,103,/home/zhome/ec_structure/github_export/FragAnnotor/results/casmi2022_cfmid_native_precomputed_full_v1/query_shard_11_1_predictions.csv
CASMI2022,CFM-ID,completed_cached,native_cfmid_precomputed_full_supported_queries,16,16,CASMI_MOL_1196803,CASMI_MOL_74461,74461,1.0583037,19,False,[M+H]+,103,/home/zhome/ec_structure/github_export/FragAnnotor/results/casmi2022_cfmid_native_precomputed_full_v1/query_shard_11_1_predictions.csv
CASMI2022,CFM-ID,completed_cached,native_cfmid_precomputed_full_supported_queries,16,16,CASMI_MOL_1196803,CASMI_MOL_74467,74467,1.0581913,20,False,[M+H]+,103,/home/zhome/ec_structure/github_export/FragAnnotor/results/casmi2022_cfmid_native_precomputed_full_v1/query_shard_11_1_predictions.csv
CASMI2022,CFM-ID,completed_cached,native_cfmid_precomputed_full_supported_queries,16,16,CASMI_MOL_1196803,CASMI_MOL_74453,74453,1.0560623,21,False,[M+H]+,103,/home/zhome/ec_structure/github_export/FragAnnotor/results/casmi2022_cfmid_native_precomputed_full_v1/query_shard_11_1_predictions.csv
CASMI2022,CFM-ID,completed_cached,native_cfmid_precomputed_full_supported_queries,16,16,CASMI_MOL_1196803,CASMI_MOL_74515,74515,1.0528502,22,False,[M+H]+,103,/home/zhome/ec_structure/github_export/FragAnnotor/results/casmi2022_cfmid_native_precomputed_full_v1/query_shard_11_1_predictions.csv
CASMI2022,CFM-ID,completed_cached,native_cfmid_precomputed_full_supported_queries,16,16,CASMI_MOL_1196803,CASMI_MOL_74537,74537,1.0504276,23,False,[M+H]+,103,/home/zhome/ec_structure/github_export/FragAnnotor/results/casmi2022_cfmid_native_precomputed_full_v1/query_shard_11_1_predictions.csv
CASMI2022,CFM-ID,completed_cached,native_cfmid_precomputed_full_supported_queries,16,16,CASMI_MOL_1196803,CASMI_MOL_74451,74451,1.0498962,24,False,[M+H]+,103,/home/zhome/ec_structure/github_export/FragAnnotor/results/casmi2022_cfmid_native_precomputed_full_v1/query_shard_11_1_predictions.csv
CASMI2022,CFM-ID,completed_cached,native_cfmid_precomputed_full_supported_queries,16,16,CASMI_MOL_1196803,CASMI_MOL_74493,74493,1.0479041,25,False,[M+H]+,103,/home/zhome/ec_structure/github_export/FragAnnotor/results/casmi2022_cfmid_native_precomputed_full_v1/query_shard_11_1_predictions.csv
CASMI2022,CFM-ID,completed_cached,native_cfmid_precomputed_full_supported_queries,16,16,CASMI_MOL_1196803,CASMI_MOL_74442,74442,1.0457458,26,False,[M+H]+,103,/home/zhome/ec_structure/github_export/FragAnnotor/results/casmi2022_cfmid_native_precomputed_full_v1/query_shard_11_1_predictions.csv
CASMI2022,CFM-ID,completed_cached,native_cfmid_precomputed_full_supported_queries,16,16,CASMI_MOL_1196803,CASMI_MOL_74496,74496,1.0422858,27,False,[M+H]+,103,/home/zhome/ec_structure/github_export/FragAnnotor/results/casmi2022_cfmid_native_precomputed_full_v1/query_shard_11_1_predictions.csv
CASMI2022,CFM-ID,completed_cached,native_cfmid_precomputed_full_supported_queries,16,16,CASMI_MOL_1196803,CASMI_MOL_74464,74464,1.0368903,28,False,[M+H]+,103,/home/zhome/ec_structure/github_export/FragAnnotor/results/casmi2022_cfmid_native_precomputed_full_v1/query_shard_11_1_predictions.csv
CASMI2022,CFM-ID,completed_cached,native_cfmid_precomputed_full_supported_queries,16,16,CASMI_MOL_1196803,CASMI_MOL_74527,74527,1.0352483,29,False,[M+H]+,103,/home/zhome/ec_structure/github_export/FragAnnotor/results/casmi2022_cfmid_native_precomputed_full_v1/query_shard_11_1_predictions.csv
CASMI2022,CFM-ID,completed_cached,native_cfmid_precomputed_full_supported_queries,16,16,CASMI_MOL_1196803,CASMI_MOL_74470,74470,1.0352255,30,False,[M+H]+,103,/home/zhome/ec_structure/github_export/FragAnnotor/results/casmi2022_cfmid_native_precomputed_full_v1/query_shard_11_1_predictions.csv
CASMI2022,CFM-ID,completed_cached,native_cfmid_precomputed_full_supported_queries,16,16,CASMI_MOL_1196803,CASMI_MOL_74528,74528,1.0330199,31,False,[M+H]+,103,/home/zhome/ec_structure/github_export/FragAnnotor/results/casmi2022_cfmid_native_precomputed_full_v1/query_shard_11_1_predictions.csv
CASMI2022,CFM-ID,completed_cached,native_cfmid_precomputed_full_supported_queries,16,16,CASMI_MOL_1196803,CASMI_MOL_74445,74445,1.0308131,32,False,[M+H]+,103,/home/zhome/ec_structure/github_export/FragAnnotor/results/casmi2022_cfmid_native_precomputed_full_v1/query_shard_11_1_predictions.csv
CASMI2022,CFM-ID,completed_cached,native_cfmid_precomputed_full_supported_queries,16,16,CASMI_MOL_1196803,CASMI_MOL_74517,74517,1.0206712,33,False,[M+H]+,103,/home/zhome/ec_structure/github_export/FragAnnotor/results/casmi2022_cfmid_native_precomputed_full_v1/query_shard_11_1_predictions.csv
CASMI2022,CFM-ID,completed_cached,native_cfmid_precomputed_full_supported_queries,16,16,CASMI_MOL_1196803,CASMI_MOL_74472,74472,1.0167014,34,False,[M+H]+,103,/home/zhome/ec_structure/github_export/FragAnnotor/results/casmi2022_cfmid_native_precomputed_full_v1/query_shard_11_1_predictions.csv
CASMI2022,CFM-ID,completed_cached,native_cfmid_precomputed_full_supported_queries,16,16,CASMI_MOL_1196803,CASMI_MOL_74436,74436,1.0162088,35,False,[M+H]+,103,/home/zhome/ec_structure/github_export/FragAnnotor/results/casmi2022_cfmid_native_precomputed_full_v1/query_shard_11_1_predictions.csv
CASMI2022,CFM-ID,completed_cached,native_cfmid_precomputed_full_supported_queries,16,16,CASMI_MOL_1196803,CASMI_MOL_74469,74469,1.0159017,36,False,[M+H]+,103,/home/zhome/ec_structure/github_export/FragAnnotor/results/casmi2022_cfmid_native_precomputed_full_v1/query_shard_11_1_predictions.csv
CASMI2022,CFM-ID,completed_cached,native_cfmid_precomputed_full_supported_queries,16,16,CASMI_MOL_1196803,CASMI_MOL_74447,74447,1.0111583,37,False,[M+H]+,103,/home/zhome/ec_structure/github_export/FragAnnotor/results/casmi2022_cfmid_native_precomputed_full_v1/query_shard_11_1_predictions.csv
CASMI2022,CFM-ID,completed_cached,native_cfmid_precomputed_full_supported_queries,16,16,CASMI_MOL_1196803,CASMI_MOL_74459,74459,1.0083845,38,False,[M+H]+,103,/home/zhome/ec_structure/github_export/FragAnnotor/results/casmi2022_cfmid_native_precomputed_full_v1/query_shard_11_1_predictions.csv
CASMI2022,CFM-ID,completed_cached,native_cfmid_precomputed_full_supported_queries,16,16,CASMI_MOL_1196803,CASMI_MOL_74520,74520,1.0081874,39,False,[M+H]+,103,/home/zhome/ec_structure/github_export/FragAnnotor/results/casmi2022_cfmid_native_precomputed_full_v1/query_shard_11_1_predictions.csv
CASMI2022,CFM-ID,completed_cached,native_cfmid_precomputed_full_supported_queries,16,16,CASMI_MOL_1196803,CASMI_MOL_74519,74519,1.0066193,40,False,[M+H]+,103,/home/zhome/ec_structure/github_export/FragAnnotor/results/casmi2022_cfmid_native_precomputed_full_v1/query_shard_11_1_predictions.csv
CASMI2022,CFM-ID,completed_cached,native_cfmid_precomputed_full_supported_queries,16,16,CASMI_MOL_1196803,CASMI_MOL_74452,74452,1.0051895,41,False,[M+H]+,103,/home/zhome/ec_structure/github_export/FragAnnotor/results/casmi2022_cfmid_native_precomputed_full_v1/query_shard_11_1_predictions.csv
CASMI2022,CFM-ID,completed_cached,native_cfmid_precomputed_full_supported_queries,16,16,CASMI_MOL_1196803,CASMI_MOL_74441,74441,0.99679571,42,False,[M+H]+,103,/home/zhome/ec_structure/github_export/FragAnnotor/results/casmi2022_cfmid_native_precomputed_full_v1/query_shard_11_1_predictions.csv
CASMI2022,CFM-ID,completed_cached,native_cfmid_precomputed_full_supported_queries,16,16,CASMI_MOL_1196803,CASMI_MOL_74443,74443,0.99392181,43,False,[M+H]+,103,/home/zhome/ec_structure/github_export/FragAnnotor/results/casmi2022_cfmid_native_precomputed_full_v1/query_shard_11_1_predictions.csv
CASMI2022,CFM-ID,completed_cached,native_cfmid_precomputed_full_supported_queries,16,16,CASMI_MOL_1196803,CASMI_MOL_74444,74444,0.99267083,44,False,[M+H]+,103,/home/zhome/ec_structure/github_export/FragAnnotor/results/casmi2022_cfmid_native_precomputed_full_v1/query_shard_11_1_predictions.csv
CASMI2022,CFM-ID,completed_cached,native_cfmid_precomputed_full_supported_queries,16,16,CASMI_MOL_1196803,CASMI_MOL_74471,74471,0.99212163,45,False,[M+H]+,103,/home/zhome/ec_structure/github_export/FragAnnotor/results/casmi2022_cfmid_native_precomputed_full_v1/query_shard_11_1_predictions.csv
CASMI2022,CFM-ID,completed_cached,native_cfmid_precomputed_full_supported_queries,16,16,CASMI_MOL_1196803,CASMI_MOL_74468,74468,0.9773238,46,False,[M+H]+,103,/home/zhome/ec_structure/github_export/FragAnnotor/results/casmi2022_cfmid_native_precomputed_full_v1/query_shard_11_1_predictions.csv
CASMI2022,CFM-ID,completed_cached,native_cfmid_precomputed_full_supported_queries,16,16,CASMI_MOL_1196803,CASMI_MOL_74502,74502,0.96855045,47,False,[M+H]+,103,/home/zhome/ec_structure/github_export/FragAnnotor/results/casmi2022_cfmid_native_precomputed_full_v1/query_shard_11_1_predictions.csv
CASMI2022,CFM-ID,completed_cached,native_cfmid_precomputed_full_supported_queries,16,16,CASMI_MOL_1196803,CASMI_MOL_74486,74486,0.95762725,48,False,[M+H]+,103,/home/zhome/ec_structure/github_export/FragAnnotor/results/casmi2022_cfmid_native_precomputed_full_v1/query_shard_11_1_predictions.csv
CASMI2022,CFM-ID,completed_cached,native_cfmid_precomputed_full_supported_queries,16,16,CASMI_MOL_1196803,CASMI_MOL_74437,74437,0.95761317,49,False,[M+H]+,103,/home/zhome/ec_structure/github_export/FragAnnotor/results/casmi2022_cfmid_native_precomputed_full_v1/query_shard_11_1_predictions.csv
CASMI2022,CFM-ID,completed_cached,native_cfmid_precomputed_full_supported_queries,16,16,CASMI_MOL_1196803,CASMI_MOL_74535,74535,0.93759632,50,False,[M+H]+,103,/home/zhome/ec_structure/github_export/FragAnnotor/results/casmi2022_cfmid_native_precomputed_full_v1/query_shard_11_1_predictions.csv
CASMI2022,CFM-ID,completed_cached,native_cfmid_precomputed_full_supported_queries,16,16,CASMI_MOL_1196803,CASMI_MOL_74534,74534,0.92759604,51,False,[M+H]+,103,/home/zhome/ec_structure/github_export/FragAnnotor/results/casmi2022_cfmid_native_precomputed_full_v1/query_shard_11_1_predictions.csv
CASMI2022,CFM-ID,completed_cached,native_cfmid_precomputed_full_supported_queries,16,16,CASMI_MOL_1196803,CASMI_MOL_74490,74490,0.9051184,52,False,[M+H]+,103,/home/zhome/ec_structure/github_export/FragAnnotor/results/casmi2022_cfmid_native_precomputed_full_v1/query_shard_11_1_predictions.csv
CASMI2022,CFM-ID,completed_cached,native_cfmid_precomputed_full_supported_queries,16,16,CASMI_MOL_1196803,CASMI_MOL_74533,74533,0.85535456,53,False,[M+H]+,103,/home/zhome/ec_structure/github_export/FragAnnotor/results/casmi2022_cfmid_native_precomputed_full_v1/query_shard_11_1_predictions.csv
CASMI2022,CFM-ID,completed_cached,native_cfmid_precomputed_full_supported_queries,16,16,CASMI_MOL_1196803,CASMI_MOL_74525,74525,0.85331219,54,False,[M+H]+,103,/home/zhome/ec_structure/github_export/FragAnnotor/results/casmi2022_cfmid_native_precomputed_full_v1/query_shard_11_1_predictions.csv
CASMI2022,CFM-ID,completed_cached,native_cfmid_precomputed_full_supported_queries,16,16,CASMI_MOL_1196803,CASMI_MOL_74507,74507,0.83785924,55,False,[M+H]+,103,/home/zhome/ec_structure/github_export/FragAnnotor/results/casmi2022_cfmid_native_precomputed_full_v1/query_shard_11_1_predictions.csv
CASMI2022,CFM-ID,completed_cached,native_cfmid_precomputed_full_supported_queries,16,16,CASMI_MOL_1196803,CASMI_MOL_74489,74489,0.8242079,56,False,[M+H]+,103,/home/zhome/ec_structure/github_export/FragAnnotor/results/casmi2022_cfmid_native_precomputed_full_v1/query_shard_11_1_predictions.csv
CASMI2022,CFM-ID,completed_cached,native_cfmid_precomputed_full_supported_queries,16,16,CASMI_MOL_1196803,CASMI_MOL_74526,74526,0.82011259,57,False,[M+H]+,103,/home/zhome/ec_structure/github_export/FragAnnotor/results/casmi2022_cfmid_native_precomputed_full_v1/query_shard_11_1_predictions.csv
CASMI2022,CFM-ID,completed_cached,native_cfmid_precomputed_full_supported_queries,16,16,CASMI_MOL_1196803,CASMI_MOL_74491,74491,0.81232269,58,False,[M+H]+,103,/home/zhome/ec_structure/github_export/FragAnnotor/results/casmi2022_cfmid_native_precomputed_full_v1/query_shard_11_1_predictions.csv
CASMI2022,CFM-ID,completed_cached,native_cfmid_precomputed_full_supported_queries,16,16,CASMI_MOL_1196803,CASMI_MOL_74456,74456,0.79625009,59,False,[M+H]+,103,/home/zhome/ec_structure/github_export/FragAnnotor/results/casmi2022_cfmid_native_precomputed_full_v1/query_shard_11_1_predictions.csv
CASMI2022,CFM-ID,completed_cached,native_cfmid_precomputed_full_supported_queries,16,16,CASMI_MOL_1196803,CASMI_MOL_74473,74473,0.79042837,60,False,[M+H]+,103,/home/zhome/ec_structure/github_export/FragAnnotor/results/casmi2022_cfmid_native_precomputed_full_v1/query_shard_11_1_predictions.csv
CASMI2022,CFM-ID,completed_cached,native_cfmid_precomputed_full_supported_queries,16,16,CASMI_MOL_1196803,CASMI_MOL_74481,74481,0.78522568,61,False,[M+H]+,103,/home/zhome/ec_structure/github_export/FragAnnotor/results/casmi2022_cfmid_native_precomputed_full_v1/query_shard_11_1_predictions.csv
CASMI2022,CFM-ID,completed_cached,native_cfmid_precomputed_full_supported_queries,16,16,CASMI_MOL_1196803,CASMI_MOL_74512,74512,0.78247898,62,False,[M+H]+,103,/home/zhome/ec_structure/github_export/FragAnnotor/results/casmi2022_cfmid_native_precomputed_full_v1/query_shard_11_1_predictions.csv
CASMI2022,CFM-ID,completed_cached,native_cfmid_precomputed_full_supported_queries,16,16,CASMI_MOL_1196803,CASMI_MOL_74492,74492,0.77212898,63,False,[M+H]+,103,/home/zhome/ec_structure/github_export/FragAnnotor/results/casmi2022_cfmid_native_precomputed_full_v1/query_shard_11_1_predictions.csv
CASMI2022,CFM-ID,completed_cached,native_cfmid_precomputed_full_supported_queries,16,16,CASMI_MOL_1196803,CASMI_MOL_74508,74508,0.77192225,64,False,[M+H]+,103,/home/zhome/ec_structure/github_export/FragAnnotor/results/casmi2022_cfmid_native_precomputed_full_v1/query_shard_11_1_predictions.csv
CASMI2022,CFM-ID,completed_cached,native_cfmid_precomputed_full_supported_queries,16,16,CASMI_MOL_1196803,CASMI_MOL_74495,74495,0.76579231,65,False,[M+H]+,103,/home/zhome/ec_structure/github_export/FragAnnotor/results/casmi2022_cfmid_native_precomputed_full_v1/query_shard_11_1_predictions.csv
CASMI2022,CFM-ID,completed_cached,native_cfmid_precomputed_full_supported_queries,16,16,CASMI_MOL_1196803,CASMI_MOL_74503,74503,0.76112488,66,False,[M+H]+,103,/home/zhome/ec_structure/github_export/FragAnnotor/results/casmi2022_cfmid_native_precomputed_full_v1/query_shard_11_1_predictions.csv
CASMI2022,CFM-ID,completed_cached,native_cfmid_precomputed_full_supported_queries,16,16,CASMI_MOL_1196803,CASMI_MOL_74440,74440,0.72842376,67,False,[M+H]+,103,/home/zhome/ec_structure/github_export/FragAnnotor/results/casmi2022_cfmid_native_precomputed_full_v1/query_shard_11_1_predictions.csv
CASMI2022,CFM-ID,completed_cached,native_cfmid_precomputed_full_supported_queries,16,16,CASMI_MOL_1196803,CASMI_MOL_74484,74484,0.72279542,68,False,[M+H]+,103,/home/zhome/ec_structure/github_export/FragAnnotor/results/casmi2022_cfmid_native_precomputed_full_v1/query_shard_11_1_predictions.csv
CASMI2022,CFM-ID,completed_cached,native_cfmid_precomputed_full_supported_queries,16,16,CASMI_MOL_1196803,CASMI_MOL_74450,74450,0.70859545,69,False,[M+H]+,103,/home/zhome/ec_structure/github_export/FragAnnotor/results/casmi2022_cfmid_native_precomputed_full_v1/query_shard_11_1_predictions.csv
CASMI2022,CFM-ID,completed_cached,native_cfmid_precomputed_full_supported_queries,16,16,CASMI_MOL_1196803,CASMI_MOL_74532,74532,0.69857279,70,False,[M+H]+,103,/home/zhome/ec_structure/github_export/FragAnnotor/results/casmi2022_cfmid_native_precomputed_full_v1/query_shard_11_1_predictions.csv
CASMI2022,CFM-ID,completed_cached,native_cfmid_precomputed_full_supported_queries,16,16,CASMI_MOL_1196803,CASMI_MOL_74465,74465,0.6889406,71,False,[M+H]+,103,/home/zhome/ec_structure/github_export/FragAnnotor/results/casmi2022_cfmid_native_precomputed_full_v1/query_shard_11_1_predictions.csv
CASMI2022,CFM-ID,completed_cached,native_cfmid_precomputed_full_supported_queries,16,16,CASMI_MOL_1196803,CASMI_MOL_74494,74494,0.68847117,72,False,[M+H]+,103,/home/zhome/ec_structure/github_export/FragAnnotor/results/casmi2022_cfmid_native_precomputed_full_v1/query_shard_11_1_predictions.csv
CASMI2022,CFM-ID,completed_cached,native_cfmid_precomputed_full_supported_queries,16,16,CASMI_MOL_1196803,CASMI_MOL_74499,74499,0.67985887,73,False,[M+H]+,103,/home/zhome/ec_structure/github_export/FragAnnotor/results/casmi2022_cfmid_native_precomputed_full_v1/query_shard_11_1_predictions.csv
CASMI2022,CFM-ID,completed_cached,native_cfmid_precomputed_full_supported_queries,16,16,CASMI_MOL_1196803,CASMI_MOL_74536,74536,0.67887256,74,False,[M+H]+,103,/home/zhome/ec_structure/github_export/FragAnnotor/results/casmi2022_cfmid_native_precomputed_full_v1/query_shard_11_1_predictions.csv
CASMI2022,CFM-ID,completed_cached,native_cfmid_precomputed_full_supported_queries,16,16,CASMI_MOL_1196803,CASMI_MOL_74509,74509,0.65949772,75,False,[M+H]+,103,/home/zhome/ec_structure/github_export/FragAnnotor/results/casmi2022_cfmid_native_precomputed_full_v1/query_shard_11_1_predictions.csv
CASMI2022,CFM-ID,completed_cached,native_cfmid_precomputed_full_supported_queries,16,16,CASMI_MOL_1196803,CASMI_MOL_74438,74438,0.64690469,76,False,[M+H]+,103,/home/zhome/ec_structure/github_export/FragAnnotor/results/casmi2022_cfmid_native_precomputed_full_v1/query_shard_11_1_predictions.csv
CASMI2022,CFM-ID,completed_cached,native_cfmid_precomputed_full_supported_queries,16,16,CASMI_MOL_1196803,CASMI_MOL_74513,74513,0.64424057,77,False,[M+H]+,103,/home/zhome/ec_structure/github_export/FragAnnotor/results/casmi2022_cfmid_native_precomputed_full_v1/query_shard_11_1_predictions.csv
CASMI2022,CFM-ID,completed_cached,native_cfmid_precomputed_full_supported_queries,16,16,CASMI_MOL_1196803,CASMI_MOL_74449,74449,0.64377346,78,False,[M+H]+,103,/home/zhome/ec_structure/github_export/FragAnnotor/results/casmi2022_cfmid_native_precomputed_full_v1/query_shard_11_1_predictions.csv
CASMI2022,CFM-ID,completed_cached,native_cfmid_precomputed_full_supported_queries,16,16,CASMI_MOL_1196803,CASMI_MOL_74458,74458,0.62036096,79,False,[M+H]+,103,/home/zhome/ec_structure/github_export/FragAnnotor/results/casmi2022_cfmid_native_precomputed_full_v1/query_shard_11_1_predictions.csv
CASMI2022,CFM-ID,completed_cached,native_cfmid_precomputed_full_supported_queries,16,16,CASMI_MOL_1196803,CASMI_MOL_74466,74466,0.57671426,80,False,[M+H]+,103,/home/zhome/ec_structure/github_export/FragAnnotor/results/casmi2022_cfmid_native_precomputed_full_v1/query_shard_11_1_predictions.csv
CASMI2022,CFM-ID,completed_cached,native_cfmid_precomputed_full_supported_queries,16,16,CASMI_MOL_1196803,CASMI_MOL_74478,74478,0.57520813,81,False,[M+H]+,103,/home/zhome/ec_structure/github_export/FragAnnotor/results/casmi2022_cfmid_native_precomputed_full_v1/query_shard_11_1_predictions.csv
CASMI2022,CFM-ID,completed_cached,native_cfmid_precomputed_full_supported_queries,16,16,CASMI_MOL_1196803,CASMI_MOL_74498,74498,0.56857134,82,False,[M+H]+,103,/home/zhome/ec_structure/github_export/FragAnnotor/results/casmi2022_cfmid_native_precomputed_full_v1/query_shard_11_1_predictions.csv
CASMI2022,CFM-ID,completed_cached,native_cfmid_precomputed_full_supported_queries,16,16,CASMI_MOL_1196803,CASMI_MOL_74475,74475,0.55111554,83,False,[M+H]+,103,/home/zhome/ec_structure/github_export/FragAnnotor/results/casmi2022_cfmid_native_precomputed_full_v1/query_shard_11_1_predictions.csv
CASMI2022,CFM-ID,completed_cached,native_cfmid_precomputed_full_supported_queries,16,16,CASMI_MOL_1196803,CASMI_MOL_74462,74462,0.53736455,84,False,[M+H]+,103,/home/zhome/ec_structure/github_export/FragAnnotor/results/casmi2022_cfmid_native_precomputed_full_v1/query_shard_11_1_predictions.csv
CASMI2022,CFM-ID,completed_cached,native_cfmid_precomputed_full_supported_queries,16,16,CASMI_MOL_1196803,CASMI_MOL_74516,74516,0.51902517,85,False,[M+H]+,103,/home/zhome/ec_structure/github_export/FragAnnotor/results/casmi2022_cfmid_native_precomputed_full_v1/query_shard_11_1_predictions.csv
CASMI2022,CFM-ID,completed_cached,native_cfmid_precomputed_full_supported_queries,16,16,CASMI_MOL_1196803,CASMI_MOL_74477,74477,0.5068891,86,False,[M+H]+,103,/home/zhome/ec_structure/github_export/FragAnnotor/results/casmi2022_cfmid_native_precomputed_full_v1/query_shard_11_1_predictions.csv
CASMI2022,CFM-ID,completed_cached,native_cfmid_precomputed_full_supported_queries,16,16,CASMI_MOL_1196803,CASMI_MOL_74482,74482,0.50150262,87,False,[M+H]+,103,/home/zhome/ec_structure/github_export/FragAnnotor/results/casmi2022_cfmid_native_precomputed_full_v1/query_shard_11_1_predictions.csv
CASMI2022,CFM-ID,completed_cached,native_cfmid_precomputed_full_supported_queries,16,16,CASMI_MOL_1196803,CASMI_MOL_74521,74521,0.48472172,88,False,[M+H]+,103,/home/zhome/ec_structure/github_export/FragAnnotor/results/casmi2022_cfmid_native_precomputed_full_v1/query_shard_11_1_predictions.csv
CASMI2022,CFM-ID,completed_cached,native_cfmid_precomputed_full_supported_queries,16,16,CASMI_MOL_1196803,CASMI_MOL_74457,74457,0.47629058,89,False,[M+H]+,103,/home/zhome/ec_structure/github_export/FragAnnotor/results/casmi2022_cfmid_native_precomputed_full_v1/query_shard_11_1_predictions.csv
CASMI2022,CFM-ID,completed_cached,native_cfmid_precomputed_full_supported_queries,16,16,CASMI_MOL_1196803,CASMI_MOL_74518,74518,0.47497547,90,False,[M+H]+,103,/home/zhome/ec_structure/github_export/FragAnnotor/results/casmi2022_cfmid_native_precomputed_full_v1/query_shard_11_1_predictions.csv
CASMI2022,CFM-ID,completed_cached,native_cfmid_precomputed_full_supported_queries,16,16,CASMI_MOL_1196803,CASMI_MOL_74511,74511,0.46322538,91,False,[M+H]+,103,/home/zhome/ec_structure/github_export/FragAnnotor/results/casmi2022_cfmid_native_precomputed_full_v1/query_shard_11_1_predictions.csv
CASMI2022,CFM-ID,completed_cached,native_cfmid_precomputed_full_supported_queries,16,16,CASMI_MOL_1196803,CASMI_MOL_74506,74506,0.45826415,92,False,[M+H]+,103,/home/zhome/ec_structure/github_export/FragAnnotor/results/casmi2022_cfmid_native_precomputed_full_v1/query_shard_11_1_predictions.csv
CASMI2022,CFM-ID,completed_cached,native_cfmid_precomputed_full_supported_queries,16,16,CASMI_MOL_1196803,CASMI_MOL_74522,74522,0.41192993,93,False,[M+H]+,103,/home/zhome/ec_structure/github_export/FragAnnotor/results/casmi2022_cfmid_native_precomputed_full_v1/query_shard_11_1_predictions.csv
CASMI2022,CFM-ID,completed_cached,native_cfmid_precomputed_full_supported_queries,16,16,CASMI_MOL_1196803,CASMI_MOL_74514,74514,0.40841957,94,False,[M+H]+,103,/home/zhome/ec_structure/github_export/FragAnnotor/results/casmi2022_cfmid_native_precomputed_full_v1/query_shard_11_1_predictions.csv
CASMI2022,CFM-ID,completed_cached,native_cfmid_precomputed_full_supported_queries,16,16,CASMI_MOL_1196803,CASMI_MOL_74479,74479,0.39654605,95,False,[M+H]+,103,/home/zhome/ec_structure/github_export/FragAnnotor/results/casmi2022_cfmid_native_precomputed_full_v1/query_shard_11_1_predictions.csv
CASMI2022,CFM-ID,completed_cached,native_cfmid_precomputed_full_supported_queries,16,16,CASMI_MOL_1196803,CASMI_MOL_74524,74524,0.3424837,96,False,[M+H]+,103,/home/zhome/ec_structure/github_export/FragAnnotor/results/casmi2022_cfmid_native_precomputed_full_v1/query_shard_11_1_predictions.csv
CASMI2022,CFM-ID,completed_cached,native_cfmid_precomputed_full_supported_queries,16,16,CASMI_MOL_1196803,CASMI_MOL_74487,74487,0.31038418,97,False,[M+H]+,103,/home/zhome/ec_structure/github_export/FragAnnotor/results/casmi2022_cfmid_native_precomputed_full_v1/query_shard_11_1_predictions.csv
CASMI2022,CFM-ID,completed_cached,native_cfmid_precomputed_full_supported_queries,16,16,CASMI_MOL_1196803,CASMI_MOL_74488,74488,0.16936361,98,False,[M+H]+,103,/home/zhome/ec_structure/github_export/FragAnnotor/results/casmi2022_cfmid_native_precomputed_full_v1/query_shard_11_1_predictions.csv
CASMI2022,CFM-ID,completed_cached,native_cfmid_precomputed_full_supported_queries,16,16,CASMI_MOL_1196803,CASMI_MOL_74505,74505,0.1624159,99,False,[M+H]+,103,/home/zhome/ec_structure/github_export/FragAnnotor/results/casmi2022_cfmid_native_precomputed_full_v1/query_shard_11_1_predictions.csv
CASMI2022,CFM-ID,completed_cached,native_cfmid_precomputed_full_supported_queries,16,16,CASMI_MOL_1196803,CASMI_MOL_74439,74439,0.15605833,100,False,[M+H]+,103,/home/zhome/ec_structure/github_export/FragAnnotor/results/casmi2022_cfmid_native_precomputed_full_v1/query_shard_11_1_predictions.csv
CASMI2022,CFM-ID,completed_cached,native_cfmid_precomputed_full_supported_queries,16,16,CASMI_MOL_1196803,CASMI_MOL_74501,74501,0.12036944,101,False,[M+H]+,103,/home/zhome/ec_structure/github_export/FragAnnotor/results/casmi2022_cfmid_native_precomputed_full_v1/query_shard_11_1_predictions.csv
CASMI2022,CFM-ID,completed_cached,native_cfmid_precomputed_full_supported_queries,16,16,CASMI_MOL_1196803,CASMI_MOL_74497,74497,0.1147897,102,False,[M+H]+,103,/home/zhome/ec_structure/github_export/FragAnnotor/results/casmi2022_cfmid_native_precomputed_full_v1/query_shard_11_1_predictions.csv
CASMI2022,CFM-ID,completed_cached,native_cfmid_precomputed_full_supported_queries,16,16,CASMI_MOL_1196803,CASMI_MOL_74510,74510,0.090539091,103,False,[M+H]+,103,/home/zhome/ec_structure/github_export/FragAnnotor/results/casmi2022_cfmid_native_precomputed_full_v1/query_shard_11_1_predictions.csv
CASMI2022,CFM-ID,completed_cached,native_cfmid_precomputed_full_supported_queries,35,35,CASMI_MOL_1196824,CASMI_MOL_193315,193315,0.17896066,1,False,[M+H]+,233,/home/zhome/ec_structure/github_export/FragAnnotor/results/casmi2022_cfmid_native_precomputed_full_v1/query_shard_24_1_predictions.csv
CASMI2022,CFM-ID,completed_cached,native_cfmid_precomputed_full_supported_queries,35,35,CASMI_MOL_1196824,CASMI_MOL_193272,193272,0.17896066,2,False,[M+H]+,233,/home/zhome/ec_structure/github_export/FragAnnotor/results/casmi2022_cfmid_native_precomputed_full_v1/query_shard_24_1_predictions.csv
CASMI2022,CFM-ID,completed_cached,native_cfmid_precomputed_full_supported_queries,35,35,CASMI_MOL_1196824,CASMI_MOL_193316,193316,0.17869143,3,False,[M+H]+,233,/home/zhome/ec_structure/github_export/FragAnnotor/results/casmi2022_cfmid_native_precomputed_full_v1/query_shard_24_1_predictions.csv
CASMI2022,CFM-ID,completed_cached,native_cfmid_precomputed_full_supported_queries,35,35,CASMI_MOL_1196824,CASMI_MOL_193176,193176,0.13374242,4,False,[M+H]+,233,/home/zhome/ec_structure/github_export/FragAnnotor/results/casmi2022_cfmid_native_precomputed_full_v1/query_shard_24_1_predictions.csv
CASMI2022,CFM-ID,completed_cached,native_cfmid_precomputed_full_supported_queries,35,35,CASMI_MOL_1196824,CASMI_MOL_193229,193229,0.13374242,5,False,[M+H]+,233,/home/zhome/ec_structure/github_export/FragAnnotor/results/casmi2022_cfmid_native_precomputed_full_v1/query_shard_24_1_predictions.csv
CASMI2022,CFM-ID,completed_cached,native_cfmid_precomputed_full_supported_queries,35,35,CASMI_MOL_1196824,CASMI_MOL_193228,193228,0.13374242,6,False,[M+H]+,233,/home/zhome/ec_structure/github_export/FragAnnotor/results/casmi2022_cfmid_native_precomputed_full_v1/query_shard_24_1_predictions.csv
CASMI2022,CFM-ID,completed_cached,native_cfmid_precomputed_full_supported_queries,35,35,CASMI_MOL_1196824,CASMI_MOL_193226,193226,0.13374242,7,False,[M+H]+,233,/home/zhome/ec_structure/github_export/FragAnnotor/results/casmi2022_cfmid_native_precomputed_full_v1/query_shard_24_1_predictions.csv
CASMI2022,CFM-ID,completed_cached,native_cfmid_precomputed_full_supported_queries,35,35,CASMI_MOL_1196824,CASMI_MOL_193224,193224,0.13374242,8,False,[M+H]+,233,/home/zhome/ec_structure/github_export/FragAnnotor/results/casmi2022_cfmid_native_precomputed_full_v1/query_shard_24_1_predictions.csv
CASMI2022,CFM-ID,completed_cached,native_cfmid_precomputed_full_supported_queries,35,35,CASMI_MOL_1196824,CASMI_MOL_193223,193223,0.13374242,9,False,[M+H]+,233,/home/zhome/ec_structure/github_export/FragAnnotor/results/casmi2022_cfmid_native_precomputed_full_v1/query_shard_24_1_predictions.csv
CASMI2022,CFM-ID,completed_cached,native_cfmid_precomputed_full_supported_queries,35,35,CASMI_MOL_1196824,CASMI_MOL_193213,193213,0.13374242,10,False,[M+H]+,233,/home/zhome/ec_structure/github_export/FragAnnotor/results/casmi2022_cfmid_native_precomputed_full_v1/query_shard_24_1_predictions.csv
CASMI2022,CFM-ID,completed_cached,native_cfmid_precomputed_full_supported_queries,35,35,CASMI_MOL_1196824,CASMI_MOL_193209,193209,0.13374242,11,False,[M+H]+,233,/home/zhome/ec_structure/github_export/FragAnnotor/results/casmi2022_cfmid_native_precomputed_full_v1/query_shard_24_1_predictions.csv
CASMI2022,CFM-ID,completed_cached,native_cfmid_precomputed_full_supported_queries,35,35,CASMI_MOL_1196824,CASMI_MOL_193205,193205,0.13374242,12,False,[M+H]+,233,/home/zhome/ec_structure/github_export/FragAnnotor/results/casmi2022_cfmid_native_precomputed_full_v1/query_shard_24_1_predictions.csv
CASMI2022,CFM-ID,completed_cached,native_cfmid_precomputed_full_supported_queries,35,35,CASMI_MOL_1196824,CASMI_MOL_193198,193198,0.13374242,13,False,[M+H]+,233,/home/zhome/ec_structure/github_export/FragAnnotor/results/casmi2022_cfmid_native_precomputed_full_v1/query_shard_24_1_predictions.csv
CASMI2022,CFM-ID,completed_cached,native_cfmid_precomputed_full_supported_queries,35,35,CASMI_MOL_1196824,CASMI_MOL_193193,193193,0.13374242,14,False,[M+H]+,233,/home/zhome/ec_structure/github_export/FragAnnotor/results/casmi2022_cfmid_native_precomputed_full_v1/query_shard_24_1_predictions.csv
CASMI2022,CFM-ID,completed_cached,native_cfmid_precomputed_full_supported_queries,35,35,CASMI_MOL_1196824,CASMI_MOL_193192,193192,0.13374242,15,False,[M+H]+,233,/home/zhome/ec_structure/github_export/FragAnnotor/results/casmi2022_cfmid_native_precomputed_full_v1/query_shard_24_1_predictions.csv
CASMI2022,CFM-ID,completed_cached,native_cfmid_precomputed_full_supported_queries,35,35,CASMI_MOL_1196824,CASMI_MOL_193191,193191,0.13374242,16,False,[M+H]+,233,/home/zhome/ec_structure/github_export/FragAnnotor/results/casmi2022_cfmid_native_precomputed_full_v1/query_shard_24_1_predictions.csv
CASMI2022,CFM-ID,completed_cached,native_cfmid_precomputed_full_supported_queries,35,35,CASMI_MOL_1196824,CASMI_MOL_193177,193177,0.13374242,17,False,[M+H]+,233,/home/zhome/ec_structure/github_export/FragAnnotor/results/casmi2022_cfmid_native_precomputed_full_v1/query_shard_24_1_predictions.csv
CASMI2022,CFM-ID,completed_cached,native_cfmid_precomputed_full_supported_queries,35,35,CASMI_MOL_1196824,CASMI_MOL_193240,193240,0.13374242,18,False,[M+H]+,233,/home/zhome/ec_structure/github_export/FragAnnotor/results/casmi2022_cfmid_native_precomputed_full_v1/query_shard_24_1_predictions.csv
CASMI2022,CFM-ID,completed_cached,native_cfmid_precomputed_full_supported_queries,35,35,CASMI_MOL_1196824,CASMI_MOL_193175,193175,0.13374242,19,False,[M+H]+,233,/home/zhome/ec_structure/github_export/FragAnnotor/results/casmi2022_cfmid_native_precomputed_full_v1/query_shard_24_1_predictions.csv
CASMI2022,CFM-ID,completed_cached,native_cfmid_precomputed_full_supported_queries,35,35,CASMI_MOL_1196824,CASMI_MOL_193174,193174,0.13374242,20,False,[M+H]+,233,/home/zhome/ec_structure/github_export/FragAnnotor/results/casmi2022_cfmid_native_precomputed_full_v1/query_shard_24_1_predictions.csv
CASMI2022,CFM-ID,completed_cached,native_cfmid_precomputed_full_supported_queries,35,35,CASMI_MOL_1196824,CASMI_MOL_193173,193173,0.13374242,21,False,[M+H]+,233,/home/zhome/ec_structure/github_export/FragAnnotor/results/casmi2022_cfmid_native_precomputed_full_v1/query_shard_24_1_predictions.csv
CASMI2022,CFM-ID,completed_cached,native_cfmid_precomputed_full_supported_queries,35,35,CASMI_MOL_1196824,CASMI_MOL_193172,193172,0.13374242,22,False,[M+H]+,233,/home/zhome/ec_structure/github_export/FragAnnotor/results/casmi2022_cfmid_native_precomputed_full_v1/query_shard_24_1_predictions.csv
CASMI2022,CFM-ID,completed_cached,native_cfmid_precomputed_full_supported_queries,35,35,CASMI_MOL_1196824,CASMI_MOL_193169,193169,0.13374242,23,False,[M+H]+,233,/home/zhome/ec_structure/github_export/FragAnnotor/results/casmi2022_cfmid_native_precomputed_full_v1/query_shard_24_1_predictions.csv
CASMI2022,CFM-ID,completed_cached,native_cfmid_precomputed_full_supported_queries,35,35,CASMI_MOL_1196824,CASMI_MOL_193168,193168,0.13374242,24,False,[M+H]+,233,/home/zhome/ec_structure/github_export/FragAnnotor/results/casmi2022_cfmid_native_precomputed_full_v1/query_shard_24_1_predictions.csv
CASMI2022,CFM-ID,completed_cached,native_cfmid_precomputed_full_supported_queries,35,35,CASMI_MOL_1196824,CASMI_MOL_193167,193167,0.13374242,25,False,[M+H]+,233,/home/zhome/ec_structure/github_export/FragAnnotor/results/casmi2022_cfmid_native_precomputed_full_v1/query_shard_24_1_predictions.csv
CASMI2022,CFM-ID,completed_cached,native_cfmid_precomputed_full_supported_queries,35,35,CASMI_MOL_1196824,CASMI_MOL_193166,193166,0.13374242,26,False,[M+H]+,233,/home/zhome/ec_structure/github_export/FragAnnotor/results/casmi2022_cfmid_native_precomputed_full_v1/query_shard_24_1_predictions.csv
CASMI2022,CFM-ID,completed_cached,native_cfmid_precomputed_full_supported_queries,35,35,CASMI_MOL_1196824,CASMI_MOL_193165,193165,0.13374242,27,False,[M+H]+,233,/home/zhome/ec_structure/github_export/FragAnnotor/results/casmi2022_cfmid_native_precomputed_full_v1/query_shard_24_1_predictions.csv
CASMI2022,CFM-ID,completed_cached,native_cfmid_precomputed_full_supported_queries,35,35,CASMI_MOL_1196824,CASMI_MOL_193156,193156,0.13374242,28,False,[M+H]+,233,/home/zhome/ec_structure/github_export/FragAnnotor/results/casmi2022_cfmid_native_precomputed_full_v1/query_shard_24_1_predictions.csv
CASMI2022,CFM-ID,completed_cached,native_cfmid_precomputed_full_supported_queries,35,35,CASMI_MOL_1196824,CASMI_MOL_193149,193149,0.13374242,29,False,[M+H]+,233,/home/zhome/ec_structure/github_export/FragAnnotor/results/casmi2022_cfmid_native_precomputed_full_v1/query_shard_24_1_predictions.csv
CASMI2022,CFM-ID,completed_cached,native_cfmid_precomputed_full_supported_queries,35,35,CASMI_MOL_1196824,CASMI_MOL_193277,193277,0.13374242,30,False,[M+H]+,233,/home/zhome/ec_structure/github_export/FragAnnotor/results/casmi2022_cfmid_native_precomputed_full_v1/query_shard_24_1_predictions.csv
CASMI2022,CFM-ID,completed_cached,native_cfmid_precomputed_full_supported_queries,35,35,CASMI_MOL_1196824,CASMI_MOL_1196824,1196824,0.13374242,31,True,[M+H]+,233,/home/zhome/ec_structure/github_export/FragAnnotor/results/casmi2022_cfmid_native_precomputed_full_v1/query_shard_24_1_predictions.csv
CASMI2022,CFM-ID,completed_cached,native_cfmid_precomputed_full_supported_queries,35,35,CASMI_MOL_1196824,CASMI_MOL_193325,193325,0.13374242,32,False,[M+H]+,233,/home/zhome/ec_structure/github_export/FragAnnotor/results/casmi2022_cfmid_native_precomputed_full_v1/query_shard_24_1_predictions.csv
CASMI2022,CFM-ID,completed_cached,native_cfmid_precomputed_full_supported_queries,35,35,CASMI_MOL_1196824,CASMI_MOL_193324,193324,0.13374242,33,False,[M+H]+,233,/home/zhome/ec_structure/github_export/FragAnnotor/results/casmi2022_cfmid_native_precomputed_full_v1/query_shard_24_1_predictions.csv
CASMI2022,CFM-ID,completed_cached,native_cfmid_precomputed_full_supported_queries,35,35,CASMI_MOL_1196824,CASMI_MOL_193323,193323,0.13374242,34,False,[M+H]+,233,/home/zhome/ec_structure/github_export/FragAnnotor/results/casmi2022_cfmid_native_precomputed_full_v1/query_shard_24_1_predictions.csv
CASMI2022,CFM-ID,completed_cached,native_cfmid_precomputed_full_supported_queries,35,35,CASMI_MOL_1196824,CASMI_MOL_193322,193322,0.13374242,35,False,[M+H]+,233,/home/zhome/ec_structure/github_export/FragAnnotor/results/casmi2022_cfmid_native_precomputed_full_v1/query_shard_24_1_predictions.csv
CASMI2022,CFM-ID,completed_cached,native_cfmid_precomputed_full_supported_queries,35,35,CASMI_MOL_1196824,CASMI_MOL_193320,193320,0.13374242,36,False,[M+H]+,233,/home/zhome/ec_structure/github_export/FragAnnotor/results/casmi2022_cfmid_native_precomputed_full_v1/query_shard_24_1_predictions.csv
CASMI2022,CFM-ID,completed_cached,native_cfmid_precomputed_full_supported_queries,35,35,CASMI_MOL_1196824,CASMI_MOL_193318,193318,0.13374242,37,False,[M+H]+,233,/home/zhome/ec_structure/github_export/FragAnnotor/results/casmi2022_cfmid_native_precomputed_full_v1/query_shard_24_1_predictions.csv
CASMI2022,CFM-ID,completed_cached,native_cfmid_precomputed_full_supported_queries,35,35,CASMI_MOL_1196824,CASMI_MOL_193294,193294,0.13374242,38,False,[M+H]+,233,/home/zhome/ec_structure/github_export/FragAnnotor/results/casmi2022_cfmid_native_precomputed_full_v1/query_shard_24_1_predictions.csv
CASMI2022,CFM-ID,completed_cached,native_cfmid_precomputed_full_supported_queries,35,35,CASMI_MOL_1196824,CASMI_MOL_193286,193286,0.13374242,39,False,[M+H]+,233,/home/zhome/ec_structure/github_export/FragAnnotor/results/casmi2022_cfmid_native_precomputed_full_v1/query_shard_24_1_predictions.csv
CASMI2022,CFM-ID,completed_cached,native_cfmid_precomputed_full_supported_queries,35,35,CASMI_MOL_1196824,CASMI_MOL_193284,193284,0.13374242,40,False,[M+H]+,233,/home/zhome/ec_structure/github_export/FragAnnotor/results/casmi2022_cfmid_native_precomputed_full_v1/query_shard_24_1_predictions.csv
CASMI2022,CFM-ID,completed_cached,native_cfmid_precomputed_full_supported_queries,35,35,CASMI_MOL_1196824,CASMI_MOL_193283,193283,0.13374242,41,False,[M+H]+,233,/home/zhome/ec_structure/github_export/FragAnnotor/results/casmi2022_cfmid_native_precomputed_full_v1/query_shard_24_1_predictions.csv
CASMI2022,CFM-ID,completed_cached,native_cfmid_precomputed_full_supported_queries,35,35,CASMI_MOL_1196824,CASMI_MOL_193280,193280,0.13374242,42,False,[M+H]+,233,/home/zhome/ec_structure/github_export/FragAnnotor/results/casmi2022_cfmid_native_precomputed_full_v1/query_shard_24_1_predictions.csv
CASMI2022,CFM-ID,completed_cached,native_cfmid_precomputed_full_supported_queries,35,35,CASMI_MOL_1196824,CASMI_MOL_193233,193233,0.13374242,43,False,[M+H]+,233,/home/zhome/ec_structure/github_export/FragAnnotor/results/casmi2022_cfmid_native_precomputed_full_v1/query_shard_24_1_predictions.csv
CASMI2022,CFM-ID,completed_cached,native_cfmid_precomputed_full_supported_queries,35,35,CASMI_MOL_1196824,CASMI_MOL_193271,193271,0.13374242,44,False,[M+H]+,233,/home/zhome/ec_structure/github_export/FragAnnotor/results/casmi2022_cfmid_native_precomputed_full_v1/query_shard_24_1_predictions.csv
CASMI2022,CFM-ID,completed_cached,native_cfmid_precomputed_full_supported_queries,35,35,CASMI_MOL_1196824,CASMI_MOL_193270,193270,0.13374242,45,False,[M+H]+,233,/home/zhome/ec_structure/github_export/FragAnnotor/results/casmi2022_cfmid_native_precomputed_full_v1/query_shard_24_1_predictions.csv
CASMI2022,CFM-ID,completed_cached,native_cfmid_precomputed_full_supported_queries,35,35,CASMI_MOL_1196824,CASMI_MOL_193267,193267,0.13374242,46,False,[M+H]+,233,/home/zhome/ec_structure/github_export/FragAnnotor/results/casmi2022_cfmid_native_precomputed_full_v1/query_shard_24_1_predictions.csv
CASMI2022,CFM-ID,completed_cached,native_cfmid_precomputed_full_supported_queries,35,35,CASMI_MOL_1196824,CASMI_MOL_193265,193265,0.13374242,47,False,[M+H]+,233,/home/zhome/ec_structure/github_export/FragAnnotor/results/casmi2022_cfmid_native_precomputed_full_v1/query_shard_24_1_predictions.csv
CASMI2022,CFM-ID,completed_cached,native_cfmid_precomputed_full_supported_queries,35,35,CASMI_MOL_1196824,CASMI_MOL_193264,193264,0.13374242,48,False,[M+H]+,233,/home/zhome/ec_structure/github_export/FragAnnotor/results/casmi2022_cfmid_native_precomputed_full_v1/query_shard_24_1_predictions.csv
CASMI2022,CFM-ID,completed_cached,native_cfmid_precomputed_full_supported_queries,35,35,CASMI_MOL_1196824,CASMI_MOL_193254,193254,0.13374242,49,False,[M+H]+,233,/home/zhome/ec_structure/github_export/FragAnnotor/results/casmi2022_cfmid_native_precomputed_full_v1/query_shard_24_1_predictions.csv
CASMI2022,CFM-ID,completed_cached,native_cfmid_precomputed_full_supported_queries,35,35,CASMI_MOL_1196824,CASMI_MOL_193251,193251,0.13374242,50,False,[M+H]+,233,/home/zhome/ec_structure/github_export/FragAnnotor/results/casmi2022_cfmid_native_precomputed_full_v1/query_shard_24_1_predictions.csv
CASMI2022,CFM-ID,completed_cached,native_cfmid_precomputed_full_supported_queries,35,35,CASMI_MOL_1196824,CASMI_MOL_193250,193250,0.13374242,51,False,[M+H]+,233,/home/zhome/ec_structure/github_export/FragAnnotor/results/casmi2022_cfmid_native_precomputed_full_v1/query_shard_24_1_predictions.csv
CASMI2022,CFM-ID,completed_cached,native_cfmid_precomputed_full_supported_queries,35,35,CASMI_MOL_1196824,CASMI_MOL_193246,193246,0.13374242,52,False,[M+H]+,233,/home/zhome/ec_structure/github_export/FragAnnotor/results/casmi2022_cfmid_native_precomputed_full_v1/query_shard_24_1_predictions.csv
CASMI2022,CFM-ID,completed_cached,native_cfmid_precomputed_full_supported_queries,35,35,CASMI_MOL_1196824,CASMI_MOL_193243,193243,0.13374242,53,False,[M+H]+,233,/home/zhome/ec_structure/github_export/FragAnnotor/results/casmi2022_cfmid_native_precomputed_full_v1/query_shard_24_1_predictions.csv
CASMI2022,CFM-ID,completed_cached,native_cfmid_precomputed_full_supported_queries,35,35,CASMI_MOL_1196824,CASMI_MOL_193210,193210,0.13374242,54,False,[M+H]+,233,/home/zhome/ec_structure/github_export/FragAnnotor/results/casmi2022_cfmid_native_precomputed_full_v1/query_shard_24_1_predictions.csv
CASMI2022,CFM-ID,completed_cached,native_cfmid_precomputed_full_supported_queries,35,35,CASMI_MOL_1196824,CASMI_MOL_193239,193239,0.13374242,55,False,[M+H]+,233,/home/zhome/ec_structure/github_export/FragAnnotor/results/casmi2022_cfmid_native_precomputed_full_v1/query_shard_24_1_predictions.csv
CASMI2022,CFM-ID,completed_cached,native_cfmid_precomputed_full_supported_queries,35,35,CASMI_MOL_1196824,CASMI_MOL_193148,193148,0.13374242,56,False,[M+H]+,233,/home/zhome/ec_structure/github_export/FragAnnotor/results/casmi2022_cfmid_native_precomputed_full_v1/query_shard_24_1_predictions.csv
CASMI2022,CFM-ID,completed_cached,native_cfmid_precomputed_full_supported_queries,35,35,CASMI_MOL_1196824,CASMI_MOL_193095,193095,0.13374242,57,False,[M+H]+,233,/home/zhome/ec_structure/github_export/FragAnnotor/results/casmi2022_cfmid_native_precomputed_full_v1/query_shard_24_1_predictions.csv
CASMI2022,CFM-ID,completed_cached,native_cfmid_precomputed_full_supported_queries,35,35,CASMI_MOL_1196824,CASMI_MOL_193133,193133,0.13374242,58,False,[M+H]+,233,/home/zhome/ec_structure/github_export/FragAnnotor/results/casmi2022_cfmid_native_precomputed_full_v1/query_shard_24_1_predictions.csv
CASMI2022,CFM-ID,completed_cached,native_cfmid_precomputed_full_supported_queries,35,35,CASMI_MOL_1196824,CASMI_MOL_193097,193097,0.13374242,59,False,[M+H]+,233,/home/zhome/ec_structure/github_export/FragAnnotor/results/casmi2022_cfmid_native_precomputed_full_v1/query_shard_24_1_predictions.csv
CASMI2022,CFM-ID,completed_cached,native_cfmid_precomputed_full_supported_queries,35,35,CASMI_MOL_1196824,CASMI_MOL_193098,193098,0.13374242,60,False,[M+H]+,233,/home/zhome/ec_structure/github_export/FragAnnotor/results/casmi2022_cfmid_native_precomputed_full_v1/query_shard_24_1_predictions.csv
CASMI2022,CFM-ID,completed_cached,native_cfmid_precomputed_full_supported_queries,35,35,CASMI_MOL_1196824,CASMI_MOL_193142,193142,0.13374242,61,False,[M+H]+,233,/home/zhome/ec_structure/github_export/FragAnnotor/results/casmi2022_cfmid_native_precomputed_full_v1/query_shard_24_1_predictions.csv
CASMI2022,CFM-ID,completed_cached,native_cfmid_precomputed_full_supported_queries,35,35,CASMI_MOL_1196824,CASMI_MOL_193317,193317,0.11120585,62,False,[M+H]+,233,/home/zhome/ec_structure/github_export/FragAnnotor/results/casmi2022_cfmid_native_precomputed_full_v1/query_shard_24_1_predictions.csv
CASMI2022,CFM-ID,completed_cached,native_cfmid_precomputed_full_supported_queries,35,35,CASMI_MOL_1196824,CASMI_MOL_193134,193134,0.10415603,63,False,[M+H]+,233,/home/zhome/ec_structure/github_export/FragAnnotor/results/casmi2022_cfmid_native_precomputed_full_v1/query_shard_24_1_predictions.csv
CASMI2022,CFM-ID,completed_cached,native_cfmid_precomputed_full_supported_queries,35,35,CASMI_MOL_1196824,CASMI_MOL_193124,193124,0.10415603,64,False,[M+H]+,233,/home/zhome/ec_structure/github_export/FragAnnotor/results/casmi2022_cfmid_native_precomputed_full_v1/query_shard_24_1_predictions.csv
CASMI2022,CFM-ID,completed_cached,native_cfmid_precomputed_full_supported_queries,35,35,CASMI_MOL_1196824,CASMI_MOL_193263,193263,0.10077146,65,False,[M+H]+,233,/home/zhome/ec_structure/github_export/FragAnnotor/results/casmi2022_cfmid_native_precomputed_full_v1/query_shard_24_1_predictions.csv
CASMI2022,CFM-ID,completed_cached,native_cfmid_precomputed_full_supported_queries,35,35,CASMI_MOL_1196824,CASMI_MOL_193255,193255,0.1000571,66,False,[M+H]+,233,/home/zhome/ec_structure/github_export/FragAnnotor/results/casmi2022_cfmid_native_precomputed_full_v1/query_shard_24_1_predictions.csv
CASMI2022,CFM-ID,completed_cached,native_cfmid_precomputed_full_supported_queries,35,35,CASMI_MOL_1196824,CASMI_MOL_193128,193128,0.098367658,67,False,[M+H]+,233,/home/zhome/ec_structure/github_export/FragAnnotor/results/casmi2022_cfmid_native_precomputed_full_v1/query_shard_24_1_predictions.csv
CASMI2022,CFM-ID,completed_cached,native_cfmid_precomputed_full_supported_queries,35,35,CASMI_MOL_1196824,CASMI_MOL_193296,193296,0.084653337,68,False,[M+H]+,233,/home/zhome/ec_structure/github_export/FragAnnotor/results/casmi2022_cfmid_native_precomputed_full_v1/query_shard_24_1_predictions.csv
CASMI2022,CFM-ID,completed_cached,native_cfmid_precomputed_full_supported_queries,35,35,CASMI_MOL_1196824,CASMI_MOL_193319,193319,0.084653337,69,False,[M+H]+,233,/home/zhome/ec_structure/github_export/FragAnnotor/results/casmi2022_cfmid_native_precomputed_full_v1/query_shard_24_1_predictions.csv
CASMI2022,CFM-ID,completed_cached,native_cfmid_precomputed_full_supported_queries,35,35,CASMI_MOL_1196824,CASMI_MOL_193143,193143,0.083918277,70,False,[M+H]+,233,/home/zhome/ec_structure/github_export/FragAnnotor/results/casmi2022_cfmid_native_precomputed_full_v1/query_shard_24_1_predictions.csv
CASMI2022,CFM-ID,completed_cached,native_cfmid_precomputed_full_supported_queries,35,35,CASMI_MOL_1196824,CASMI_MOL_193302,193302,0.076787741,71,False,[M+H]+,233,/home/zhome/ec_structure/github_export/FragAnnotor/results/casmi2022_cfmid_native_precomputed_full_v1/query_shard_24_1_predictions.csv
CASMI2022,CFM-ID,completed_cached,native_cfmid_precomputed_full_supported_queries,35,35,CASMI_MOL_1196824,CASMI_MOL_193274,193274,0.076787741,72,False,[M+H]+,233,/home/zhome/ec_structure/github_export/FragAnnotor/results/casmi2022_cfmid_native_precomputed_full_v1/query_shard_24_1_predictions.csv
CASMI2022,CFM-ID,completed_cached,native_cfmid_precomputed_full_supported_queries,35,35,CASMI_MOL_1196824,CASMI_MOL_193281,193281,0.073945069,73,False,[M+H]+,233,/home/zhome/ec_structure/github_export/FragAnnotor/results/casmi2022_cfmid_native_precomputed_full_v1/query_shard_24_1_predictions.csv
CASMI2022,CFM-ID,completed_cached,native_cfmid_precomputed_full_supported_queries,35,35,CASMI_MOL_1196824,CASMI_MOL_193253,193253,0.073945069,74,False,[M+H]+,233,/home/zhome/ec_structure/github_export/FragAnnotor/results/casmi2022_cfmid_native_precomputed_full_v1/query_shard_24_1_predictions.csv
CASMI2022,CFM-ID,completed_cached,native_cfmid_precomputed_full_supported_queries,35,35,CASMI_MOL_1196824,CASMI_MOL_193307,193307,0.073945069,75,False,[M+H]+,233,/home/zhome/ec_structure/github_export/FragAnnotor/results/casmi2022_cfmid_native_precomputed_full_v1/query_shard_24_1_predictions.csv
CASMI2022,CFM-ID,completed_cached,native_cfmid_precomputed_full_supported_queries,35,35,CASMI_MOL_1196824,CASMI_MOL_193287,193287,0.073945069,76,False,[M+H]+,233,/home/zhome/ec_structure/github_export/FragAnnotor/results/casmi2022_cfmid_native_precomputed_full_v1/query_shard_24_1_predictions.csv
CASMI2022,CFM-ID,completed_cached,native_cfmid_precomputed_full_supported_queries,35,35,CASMI_MOL_1196824,CASMI_MOL_193276,193276,0.073411026,77,False,[M+H]+,233,/home/zhome/ec_structure/github_export/FragAnnotor/results/casmi2022_cfmid_native_precomputed_full_v1/query_shard_24_1_predictions.csv
CASMI2022,CFM-ID,completed_cached,native_cfmid_precomputed_full_supported_queries,35,35,CASMI_MOL_1196824,CASMI_MOL_193311,193311,0.073411026,78,False,[M+H]+,233,/home/zhome/ec_structure/github_export/FragAnnotor/results/casmi2022_cfmid_native_precomputed_full_v1/query_shard_24_1_predictions.csv
CASMI2022,CFM-ID,completed_cached,native_cfmid_precomputed_full_supported_queries,35,35,CASMI_MOL_1196824,CASMI_MOL_193157,193157,0.072869684,79,False,[M+H]+,233,/home/zhome/ec_structure/github_export/FragAnnotor/results/casmi2022_cfmid_native_precomputed_full_v1/query_shard_24_1_predictions.csv
CASMI2022,CFM-ID,completed_cached,native_cfmid_precomputed_full_supported_queries,35,35,CASMI_MOL_1196824,CASMI_MOL_193273,193273,0.070609479,80,False,[M+H]+,233,/home/zhome/ec_structure/github_export/FragAnnotor/results/casmi2022_cfmid_native_precomputed_full_v1/query_shard_24_1_predictions.csv
CASMI2022,CFM-ID,completed_cached,native_cfmid_precomputed_full_supported_queries,35,35,CASMI_MOL_1196824,CASMI_MOL_193261,193261,0.070609479,81,False,[M+H]+,233,/home/zhome/ec_structure/github_export/FragAnnotor/results/casmi2022_cfmid_native_precomputed_full_v1/query_shard_24_1_predictions.csv
CASMI2022,CFM-ID,completed_cached,native_cfmid_precomputed_full_supported_queries,35,35,CASMI_MOL_1196824,CASMI_MOL_193241,193241,0.070609479,82,False,[M+H]+,233,/home/zhome/ec_structure/github_export/FragAnnotor/results/casmi2022_cfmid_native_precomputed_full_v1/query_shard_24_1_predictions.csv
CASMI2022,CFM-ID,completed_cached,native_cfmid_precomputed_full_supported_queries,35,35,CASMI_MOL_1196824,CASMI_MOL_193298,193298,0.070609479,83,False,[M+H]+,233,/home/zhome/ec_structure/github_export/FragAnnotor/results/casmi2022_cfmid_native_precomputed_full_v1/query_shard_24_1_predictions.csv
CASMI2022,CFM-ID,completed_cached,native_cfmid_precomputed_full_supported_queries,35,35,CASMI_MOL_1196824,CASMI_MOL_193268,193268,0.066375224,84,False,[M+H]+,233,/home/zhome/ec_structure/github_export/FragAnnotor/results/casmi2022_cfmid_native_precomputed_full_v1/query_shard_24_1_predictions.csv
CASMI2022,CFM-ID,completed_cached,native_cfmid_precomputed_full_supported_queries,35,35,CASMI_MOL_1196824,CASMI_MOL_193122,193122,0.055661816,85,False,[M+H]+,233,/home/zhome/ec_structure/github_export/FragAnnotor/results/casmi2022_cfmid_native_precomputed_full_v1/query_shard_24_1_predictions.csv
CASMI2022,CFM-ID,completed_cached,native_cfmid_precomputed_full_supported_queries,35,35,CASMI_MOL_1196824,CASMI_MOL_193301,193301,0.052854927,86,False,[M+H]+,233,/home/zhome/ec_structure/github_export/FragAnnotor/results/casmi2022_cfmid_native_precomputed_full_v1/query_shard_24_1_predictions.csv
CASMI2022,CFM-ID,completed_cached,native_cfmid_precomputed_full_supported_queries,35,35,CASMI_MOL_1196824,CASMI_MOL_193299,193299,0.041256845,87,False,[M+H]+,233,/home/zhome/ec_structure/github_export/FragAnnotor/results/casmi2022_cfmid_native_precomputed_full_v1/query_shard_24_1_predictions.csv
CASMI2022,CFM-ID,completed_cached,native_cfmid_precomputed_full_supported_queries,35,35,CASMI_MOL_1196824,CASMI_MOL_193195,193195,0.02666233,88,False,[M+H]+,233,/home/zhome/ec_structure/github_export/FragAnnotor/results/casmi2022_cfmid_native_precomputed_full_v1/query_shard_24_1_predictions.csv
CASMI2022,CFM-ID,completed_cached,native_cfmid_precomputed_full_supported_queries,35,35,CASMI_MOL_1196824,CASMI_MOL_193123,193123,0.014557329,89,False,[M+H]+,233,/home/zhome/ec_structure/github_export/FragAnnotor/results/casmi2022_cfmid_native_precomputed_full_v1/query_shard_24_1_predictions.csv
CASMI2022,CFM-ID,completed_cached,native_cfmid_precomputed_full_supported_queries,35,35,CASMI_MOL_1196824,CASMI_MOL_193187,193187,0.013979077,90,False,[M+H]+,233,/home/zhome/ec_structure/github_export/FragAnnotor/results/casmi2022_cfmid_native_precomputed_full_v1/query_shard_24_1_predictions.csv
CASMI2022,CFM-ID,completed_cached,native_cfmid_precomputed_full_supported_queries,35,35,CASMI_MOL_1196824,CASMI_MOL_193300,193300,0.013272785,91,False,[M+H]+,233,/home/zhome/ec_structure/github_export/FragAnnotor/results/casmi2022_cfmid_native_precomputed_full_v1/query_shard_24_1_predictions.csv
CASMI2022,CFM-ID,completed_cached,native_cfmid_precomputed_full_supported_queries,35,35,CASMI_MOL_1196824,CASMI_MOL_193197,193197,0.012820553,92,False,[M+H]+,233,/home/zhome/ec_structure/github_export/FragAnnotor/results/casmi2022_cfmid_native_precomputed_full_v1/query_shard_24_1_predictions.csv
CASMI2022,CFM-ID,completed_cached,native_cfmid_precomputed_full_supported_queries,35,35,CASMI_MOL_1196824,CASMI_MOL_193196,193196,0.012820553,93,False,[M+H]+,233,/home/zhome/ec_structure/github_export/FragAnnotor/results/casmi2022_cfmid_native_precomputed_full_v1/query_shard_24_1_predictions.csv
CASMI2022,CFM-ID,completed_cached,native_cfmid_precomputed_full_supported_queries,35,35,CASMI_MOL_1196824,CASMI_MOL_193291,193291,0.012820553,94,False,[M+H]+,233,/home/zhome/ec_structure/github_export/FragAnnotor/results/casmi2022_cfmid_native_precomputed_full_v1/query_shard_24_1_predictions.csv
CASMI2022,CFM-ID,completed_cached,native_cfmid_precomputed_full_supported_queries,35,35,CASMI_MOL_1196824,CASMI_MOL_193290,193290,0.012820553,95,False,[M+H]+,233,/home/zhome/ec_structure/github_export/FragAnnotor/results/casmi2022_cfmid_native_precomputed_full_v1/query_shard_24_1_predictions.csv
CASMI2022,CFM-ID,completed_cached,native_cfmid_precomputed_full_supported_queries,35,35,CASMI_MOL_1196824,CASMI_MOL_193266,193266,0.012820553,96,False,[M+H]+,233,/home/zhome/ec_structure/github_export/FragAnnotor/results/casmi2022_cfmid_native_precomputed_full_v1/query_shard_24_1_predictions.csv
CASMI2022,CFM-ID,completed_cached,native_cfmid_precomputed_full_supported_queries,35,35,CASMI_MOL_1196824,CASMI_MOL_193130,193130,0.012377023,97,False,[M+H]+,233,/home/zhome/ec_structure/github_export/FragAnnotor/results/casmi2022_cfmid_native_precomputed_full_v1/query_shard_24_1_predictions.csv
CASMI2022,CFM-ID,completed_cached,native_cfmid_precomputed_full_supported_queries,35,35,CASMI_MOL_1196824,CASMI_MOL_193204,193204,0.012010181,98,False,[M+H]+,233,/home/zhome/ec_structure/github_export/FragAnnotor/results/casmi2022_cfmid_native_precomputed_full_v1/query_shard_24_1_predictions.csv
CASMI2022,CFM-ID,completed_cached,native_cfmid_precomputed_full_supported_queries,35,35,CASMI_MOL_1196824,CASMI_MOL_193231,193231,0.011192385,99,False,[M+H]+,233,/home/zhome/ec_structure/github_export/FragAnnotor/results/casmi2022_cfmid_native_precomputed_full_v1/query_shard_24_1_predictions.csv
CASMI2022,CFM-ID,completed_cached,native_cfmid_precomputed_full_supported_queries,35,35,CASMI_MOL_1196824,CASMI_MOL_193158,193158,0.010956449,100,False,[M+H]+,233,/home/zhome/ec_structure/github_export/FragAnnotor/results/casmi2022_cfmid_native_precomputed_full_v1/query_shard_24_1_predictions.csv
CASMI2022,CFM-ID,completed_cached,native_cfmid_precomputed_full_supported_queries,35,35,CASMI_MOL_1196824,CASMI_MOL_193164,193164,0.010100903,101,False,[M+H]+,233,/home/zhome/ec_structure/github_export/FragAnnotor/results/casmi2022_cfmid_native_precomputed_full_v1/query_shard_24_1_predictions.csv
CASMI2022,CFM-ID,completed_cached,native_cfmid_precomputed_full_supported_queries,35,35,CASMI_MOL_1196824,CASMI_MOL_193144,193144,0.0092965999,102,False,[M+H]+,233,/home/zhome/ec_structure/github_export/FragAnnotor/results/casmi2022_cfmid_native_precomputed_full_v1/query_shard_24_1_predictions.csv
CASMI2022,CFM-ID,completed_cached,native_cfmid_precomputed_full_supported_queries,35,35,CASMI_MOL_1196824,CASMI_MOL_193285,193285,0.0085280781,103,False,[M+H]+,233,/home/zhome/ec_structure/github_export/FragAnnotor/results/casmi2022_cfmid_native_precomputed_full_v1/query_shard_24_1_predictions.csv
CASMI2022,CFM-ID,completed_cached,native_cfmid_precomputed_full_supported_queries,35,35,CASMI_MOL_1196824,CASMI_MOL_193214,193214,0.0068454758,104,False,[M+H]+,233,/home/zhome/ec_structure/github_export/FragAnnotor/results/casmi2022_cfmid_native_precomputed_full_v1/query_shard_24_1_predictions.csv
CASMI2022,CFM-ID,completed_cached,native_cfmid_precomputed_full_supported_queries,35,35,CASMI_MOL_1196824,CASMI_MOL_193247,193247,0.0068165047,105,False,[M+H]+,233,/home/zhome/ec_structure/github_export/FragAnnotor/results/casmi2022_cfmid_native_precomputed_full_v1/query_shard_24_1_predictions.csv
CASMI2022,CFM-ID,completed_cached,native_cfmid_precomputed_full_supported_queries,35,35,CASMI_MOL_1196824,CASMI_MOL_193121,193121,0.0067792367,106,False,[M+H]+,233,/home/zhome/ec_structure/github_export/FragAnnotor/results/casmi2022_cfmid_native_precomputed_full_v1/query_shard_24_1_predictions.csv
CASMI2022,CFM-ID,completed_cached,native_cfmid_precomputed_full_supported_queries,35,35,CASMI_MOL_1196824,CASMI_MOL_193120,193120,0.0066089001,107,False,[M+H]+,233,/home/zhome/ec_structure/github_export/FragAnnotor/results/casmi2022_cfmid_native_precomputed_full_v1/query_shard_24_1_predictions.csv
CASMI2022,CFM-ID,completed_cached,native_cfmid_precomputed_full_supported_queries,35,35,CASMI_MOL_1196824,CASMI_MOL_193297,193297,0.0063992063,108,False,[M+H]+,233,/home/zhome/ec_structure/github_export/FragAnnotor/results/casmi2022_cfmid_native_precomputed_full_v1/query_shard_24_1_predictions.csv
CASMI2022,CFM-ID,completed_cached,native_cfmid_precomputed_full_supported_queries,35,35,CASMI_MOL_1196824,CASMI_MOL_193262,193262,0.0063992063,109,False,[M+H]+,233,/home/zhome/ec_structure/github_export/FragAnnotor/results/casmi2022_cfmid_native_precomputed_full_v1/query_shard_24_1_predictions.csv
CASMI2022,CFM-ID,completed_cached,native_cfmid_precomputed_full_supported_queries,35,35,CASMI_MOL_1196824,CASMI_MOL_193306,193306,0.0063992063,110,False,[M+H]+,233,/home/zhome/ec_structure/github_export/FragAnnotor/results/casmi2022_cfmid_native_precomputed_full_v1/query_shard_24_1_predictions.csv
CASMI2022,CFM-ID,completed_cached,native_cfmid_precomputed_full_supported_queries,35,35,CASMI_MOL_1196824,CASMI_MOL_193117,193117,0.0063143121,111,False,[M+H]+,233,/home/zhome/ec_structure/github_export/FragAnnotor/results/casmi2022_cfmid_native_precomputed_full_v1/query_shard_24_1_predictions.csv
CASMI2022,CFM-ID,completed_cached,native_cfmid_precomputed_full_supported_queries,35,35,CASMI_MOL_1196824,CASMI_MOL_193139,193139,0.0062821902,112,False,[M+H]+,233,/home/zhome/ec_structure/github_export/FragAnnotor/results/casmi2022_cfmid_native_precomputed_full_v1/query_shard_24_1_predictions.csv
CASMI2022,CFM-ID,completed_cached,native_cfmid_precomputed_full_supported_queries,35,35,CASMI_MOL_1196824,CASMI_MOL_193096,193096,0.0062445598,113,False,[M+H]+,233,/home/zhome/ec_structure/github_export/FragAnnotor/results/casmi2022_cfmid_native_precomputed_full_v1/query_shard_24_1_predictions.csv
CASMI2022,CFM-ID,completed_cached,native_cfmid_precomputed_full_supported_queries,35,35,CASMI_MOL_1196824,CASMI_MOL_193141,193141,0.0060345362,114,False,[M+H]+,233,/home/zhome/ec_structure/github_export/FragAnnotor/results/casmi2022_cfmid_native_precomputed_full_v1/query_shard_24_1_predictions.csv
CASMI2022,CFM-ID,completed_cached,native_cfmid_precomputed_full_supported_queries,35,35,CASMI_MOL_1196824,CASMI_MOL_193257,193257,0.0058734504,115,False,[M+H]+,233,/home/zhome/ec_structure/github_export/FragAnnotor/results/casmi2022_cfmid_native_precomputed_full_v1/query_shard_24_1_predictions.csv
CASMI2022,CFM-ID,completed_cached,native_cfmid_precomputed_full_supported_queries,35,35,CASMI_MOL_1196824,CASMI_MOL_193127,193127,0.005756895,116,False,[M+H]+,233,/home/zhome/ec_structure/github_export/FragAnnotor/results/casmi2022_cfmid_native_precomputed_full_v1/query_shard_24_1_predictions.csv
CASMI2022,CFM-ID,completed_cached,native_cfmid_precomputed_full_supported_queries,35,35,CASMI_MOL_1196824,CASMI_MOL_193295,193295,0.0054190789,117,False,[M+H]+,233,/home/zhome/ec_structure/github_export/FragAnnotor/results/casmi2022_cfmid_native_precomputed_full_v1/query_shard_24_1_predictions.csv
CASMI2022,CFM-ID,completed_cached,native_cfmid_precomputed_full_supported_queries,35,35,CASMI_MOL_1196824,CASMI_MOL_193221,193221,0.0051524502,118,False,[M+H]+,233,/home/zhome/ec_structure/github_export/FragAnnotor/results/casmi2022_cfmid_native_precomputed_full_v1/query_shard_24_1_predictions.csv
CASMI2022,CFM-ID,completed_cached,native_cfmid_precomputed_full_supported_queries,35,35,CASMI_MOL_1196824,CASMI_MOL_193242,193242,0.0050157898,119,False,[M+H]+,233,/home/zhome/ec_structure/github_export/FragAnnotor/results/casmi2022_cfmid_native_precomputed_full_v1/query_shard_24_1_predictions.csv
CASMI2022,CFM-ID,completed_cached,native_cfmid_precomputed_full_supported_queries,35,35,CASMI_MOL_1196824,CASMI_MOL_193230,193230,0.0050157898,120,False,[M+H]+,233,/home/zhome/ec_structure/github_export/FragAnnotor/results/casmi2022_cfmid_native_precomputed_full_v1/query_shard_24_1_predictions.csv
CASMI2022,CFM-ID,completed_cached,native_cfmid_precomputed_full_supported_queries,35,35,CASMI_MOL_1196824,CASMI_MOL_193288,193288,0.0048847162,121,False,[M+H]+,233,/home/zhome/ec_structure/github_export/FragAnnotor/results/casmi2022_cfmid_native_precomputed_full_v1/query_shard_24_1_predictions.csv
CASMI2022,CFM-ID,completed_cached,native_cfmid_precomputed_full_supported_queries,35,35,CASMI_MOL_1196824,CASMI_MOL_193179,193179,0.0046607101,122,False,[M+H]+,233,/home/zhome/ec_structure/github_export/FragAnnotor/results/casmi2022_cfmid_native_precomputed_full_v1/query_shard_24_1_predictions.csv
CASMI2022,CFM-ID,completed_cached,native_cfmid_precomputed_full_supported_queries,35,35,CASMI_MOL_1196824,CASMI_MOL_193236,193236,0.004576556,123,False,[M+H]+,233,/home/zhome/ec_structure/github_export/FragAnnotor/results/casmi2022_cfmid_native_precomputed_full_v1/query_shard_24_1_predictions.csv
CASMI2022,CFM-ID,completed_cached,native_cfmid_precomputed_full_supported_queries,35,35,CASMI_MOL_1196824,CASMI_MOL_193292,193292,0.0045309041,124,False,[M+H]+,233,/home/zhome/ec_structure/github_export/FragAnnotor/results/casmi2022_cfmid_native_precomputed_full_v1/query_shard_24_1_predictions.csv
CASMI2022,CFM-ID,completed_cached,native_cfmid_precomputed_full_supported_queries,35,35,CASMI_MOL_1196824,CASMI_MOL_193312,193312,0.0045309041,125,False,[M+H]+,233,/home/zhome/ec_structure/github_export/FragAnnotor/results/casmi2022_cfmid_native_precomputed_full_v1/query_shard_24_1_predictions.csv
CASMI2022,CFM-ID,completed_cached,native_cfmid_precomputed_full_supported_queries,35,35,CASMI_MOL_1196824,CASMI_MOL_193305,193305,0.0043031623,126,False,[M+H]+,233,/home/zhome/ec_structure/github_export/FragAnnotor/results/casmi2022_cfmid_native_precomputed_full_v1/query_shard_24_1_predictions.csv
CASMI2022,CFM-ID,completed_cached,native_cfmid_precomputed_full_supported_queries,35,35,CASMI_MOL_1196824,CASMI_MOL_193309,193309,0.004246674,127,False,[M+H]+,233,/home/zhome/ec_structure/github_export/FragAnnotor/results/casmi2022_cfmid_native_precomputed_full_v1/query_shard_24_1_predictions.csv
CASMI2022,CFM-ID,completed_cached,native_cfmid_precomputed_full_supported_queries,35,35,CASMI_MOL_1196824,CASMI_MOL_193304,193304,0.0041045389,128,False,[M+H]+,233,/home/zhome/ec_structure/github_export/FragAnnotor/results/casmi2022_cfmid_native_precomputed_full_v1/query_shard_24_1_predictions.csv
CASMI2022,CFM-ID,completed_cached,native_cfmid_precomputed_full_supported_queries,35,35,CASMI_MOL_1196824,CASMI_MOL_193181,193181,0.0040704339,129,False,[M+H]+,233,/home/zhome/ec_structure/github_export/FragAnnotor/results/casmi2022_cfmid_native_precomputed_full_v1/query_shard_24_1_predictions.csv
CASMI2022,CFM-ID,completed_cached,native_cfmid_precomputed_full_supported_queries,35,35,CASMI_MOL_1196824,CASMI_MOL_193103,193103,0.0038992834,130,False,[M+H]+,233,/home/zhome/ec_structure/github_export/FragAnnotor/results/casmi2022_cfmid_native_precomputed_full_v1/query_shard_24_1_predictions.csv
CASMI2022,CFM-ID,completed_cached,native_cfmid_precomputed_full_supported_queries,35,35,CASMI_MOL_1196824,CASMI_MOL_193102,193102,0.0038992834,131,False,[M+H]+,233,/home/zhome/ec_structure/github_export/FragAnnotor/results/casmi2022_cfmid_native_precomputed_full_v1/query_shard_24_1_predictions.csv
CASMI2022,CFM-ID,completed_cached,native_cfmid_precomputed_full_supported_queries,35,35,CASMI_MOL_1196824,CASMI_MOL_193113,193113,0.0036663029,132,False,[M+H]+,233,/home/zhome/ec_structure/github_export/FragAnnotor/results/casmi2022_cfmid_native_precomputed_full_v1/query_shard_24_1_predictions.csv
CASMI2022,CFM-ID,completed_cached,native_cfmid_precomputed_full_supported_queries,35,35,CASMI_MOL_1196824,CASMI_MOL_193112,193112,0.0036663029,133,False,[M+H]+,233,/home/zhome/ec_structure/github_export/FragAnnotor/results/casmi2022_cfmid_native_precomputed_full_v1/query_shard_24_1_predictions.csv
CASMI2022,CFM-ID,completed_cached,native_cfmid_precomputed_full_supported_queries,35,35,CASMI_MOL_1196824,CASMI_MOL_193111,193111,0.0036663029,134,False,[M+H]+,233,/home/zhome/ec_structure/github_export/FragAnnotor/results/casmi2022_cfmid_native_precomputed_full_v1/query_shard_24_1_predictions.csv
CASMI2022,CFM-ID,completed_cached,native_cfmid_precomputed_full_supported_queries,35,35,CASMI_MOL_1196824,CASMI_MOL_193308,193308,0.0036043242,135,False,[M+H]+,233,/home/zhome/ec_structure/github_export/FragAnnotor/results/casmi2022_cfmid_native_precomputed_full_v1/query_shard_24_1_predictions.csv
CASMI2022,CFM-ID,completed_cached,native_cfmid_precomputed_full_supported_queries,35,35,CASMI_MOL_1196824,CASMI_MOL_193140,193140,0.0032924841,136,False,[M+H]+,233,/home/zhome/ec_structure/github_export/FragAnnotor/results/casmi2022_cfmid_native_precomputed_full_v1/query_shard_24_1_predictions.csv
CASMI2022,CFM-ID,completed_cached,native_cfmid_precomputed_full_supported_queries,35,35,CASMI_MOL_1196824,CASMI_MOL_193212,193212,0.0032895791,137,False,[M+H]+,233,/home/zhome/ec_structure/github_export/FragAnnotor/results/casmi2022_cfmid_native_precomputed_full_v1/query_shard_24_1_predictions.csv
CASMI2022,CFM-ID,completed_cached,native_cfmid_precomputed_full_supported_queries,35,35,CASMI_MOL_1196824,CASMI_MOL_193150,193150,0.0032853841,138,False,[M+H]+,233,/home/zhome/ec_structure/github_export/FragAnnotor/results/casmi2022_cfmid_native_precomputed_full_v1/query_shard_24_1_predictions.csv
CASMI2022,CFM-ID,completed_cached,native_cfmid_precomputed_full_supported_queries,35,35,CASMI_MOL_1196824,CASMI_MOL_193151,193151,0.0032853841,139,False,[M+H]+,233,/home/zhome/ec_structure/github_export/FragAnnotor/results/casmi2022_cfmid_native_precomputed_full_v1/query_shard_24_1_predictions.csv
CASMI2022,CFM-ID,completed_cached,native_cfmid_precomputed_full_supported_queries,35,35,CASMI_MOL_1196824,CASMI_MOL_193202,193202,0.003178821,140,False,[M+H]+,233,/home/zhome/ec_structure/github_export/FragAnnotor/results/casmi2022_cfmid_native_precomputed_full_v1/query_shard_24_1_predictions.csv
CASMI2022,CFM-ID,completed_cached,native_cfmid_precomputed_full_supported_queries,35,35,CASMI_MOL_1196824,CASMI_MOL_193201,193201,0.003178821,141,False,[M+H]+,233,/home/zhome/ec_structure/github_export/FragAnnotor/results/casmi2022_cfmid_native_precomputed_full_v1/query_shard_24_1_predictions.csv
CASMI2022,CFM-ID,completed_cached,native_cfmid_precomputed_full_supported_queries,35,35,CASMI_MOL_1196824,CASMI_MOL_193225,193225,0.003178821,142,False,[M+H]+,233,/home/zhome/ec_structure/github_export/FragAnnotor/results/casmi2022_cfmid_native_precomputed_full_v1/query_shard_24_1_predictions.csv
CASMI2022,CFM-ID,completed_cached,native_cfmid_precomputed_full_supported_queries,35,35,CASMI_MOL_1196824,CASMI_MOL_193183,193183,0.003178821,143,False,[M+H]+,233,/home/zhome/ec_structure/github_export/FragAnnotor/results/casmi2022_cfmid_native_precomputed_full_v1/query_shard_24_1_predictions.csv
CASMI2022,CFM-ID,completed_cached,native_cfmid_precomputed_full_supported_queries,35,35,CASMI_MOL_1196824,CASMI_MOL_193147,193147,0.0031171379,144,False,[M+H]+,233,/home/zhome/ec_structure/github_export/FragAnnotor/results/casmi2022_cfmid_native_precomputed_full_v1/query_shard_24_1_predictions.csv
CASMI2022,CFM-ID,completed_cached,native_cfmid_precomputed_full_supported_queries,35,35,CASMI_MOL_1196824,CASMI_MOL_193146,193146,0.0031171379,145,False,[M+H]+,233,/home/zhome/ec_structure/github_export/FragAnnotor/results/casmi2022_cfmid_native_precomputed_full_v1/query_shard_24_1_predictions.csv
CASMI2022,CFM-ID,completed_cached,native_cfmid_precomputed_full_supported_queries,35,35,CASMI_MOL_1196824,CASMI_MOL_193145,193145,0.0031171379,146,False,[M+H]+,233,/home/zhome/ec_structure/github_export/FragAnnotor/results/casmi2022_cfmid_native_precomputed_full_v1/query_shard_24_1_predictions.csv
CASMI2022,CFM-ID,completed_cached,native_cfmid_precomputed_full_supported_queries,35,35,CASMI_MOL_1196824,CASMI_MOL_193159,193159,0.0029867908,147,False,[M+H]+,233,/home/zhome/ec_structure/github_export/FragAnnotor/results/casmi2022_cfmid_native_precomputed_full_v1/query_shard_24_1_predictions.csv
CASMI2022,CFM-ID,completed_cached,native_cfmid_precomputed_full_supported_queries,35,35,CASMI_MOL_1196824,CASMI_MOL_193218,193218,0.0029731592,148,False,[M+H]+,233,/home/zhome/ec_structure/github_export/FragAnnotor/results/casmi2022_cfmid_native_precomputed_full_v1/query_shard_24_1_predictions.csv
CASMI2022,CFM-ID,completed_cached,native_cfmid_precomputed_full_supported_queries,35,35,CASMI_MOL_1196824,CASMI_MOL_193107,193107,0.0029354529,149,False,[M+H]+,233,/home/zhome/ec_structure/github_export/FragAnnotor/results/casmi2022_cfmid_native_precomputed_full_v1/query_shard_24_1_predictions.csv
CASMI2022,CFM-ID,completed_cached,native_cfmid_precomputed_full_supported_queries,35,35,CASMI_MOL_1196824,CASMI_MOL_193106,193106,0.0029354529,150,False,[M+H]+,233,/home/zhome/ec_structure/github_export/FragAnnotor/results/casmi2022_cfmid_native_precomputed_full_v1/query_shard_24_1_predictions.csv
CASMI2022,CFM-ID,completed_cached,native_cfmid_precomputed_full_supported_queries,35,35,CASMI_MOL_1196824,CASMI_MOL_193105,193105,0.0029354529,151,False,[M+H]+,233,/home/zhome/ec_structure/github_export/FragAnnotor/results/casmi2022_cfmid_native_precomputed_full_v1/query_shard_24_1_predictions.csv
CASMI2022,CFM-ID,completed_cached,native_cfmid_precomputed_full_supported_queries,35,35,CASMI_MOL_1196824,CASMI_MOL_193170,193170,0.0028456104,152,False,[M+H]+,233,/home/zhome/ec_structure/github_export/FragAnnotor/results/casmi2022_cfmid_native_precomputed_full_v1/query_shard_24_1_predictions.csv
CASMI2022,CFM-ID,completed_cached,native_cfmid_precomputed_full_supported_queries,35,35,CASMI_MOL_1196824,CASMI_MOL_193135,193135,0.0026953646,153,False,[M+H]+,233,/home/zhome/ec_structure/github_export/FragAnnotor/results/casmi2022_cfmid_native_precomputed_full_v1/query_shard_24_1_predictions.csv
CASMI2022,CFM-ID,completed_cached,native_cfmid_precomputed_full_supported_queries,35,35,CASMI_MOL_1196824,CASMI_MOL_193260,193260,0.0026717525,154,False,[M+H]+,233,/home/zhome/ec_structure/github_export/FragAnnotor/results/casmi2022_cfmid_native_precomputed_full_v1/query_shard_24_1_predictions.csv
CASMI2022,CFM-ID,completed_cached,native_cfmid_precomputed_full_supported_queries,35,35,CASMI_MOL_1196824,CASMI_MOL_193155,193155,0.0025951813,155,False,[M+H]+,233,/home/zhome/ec_structure/github_export/FragAnnotor/results/casmi2022_cfmid_native_precomputed_full_v1/query_shard_24_1_predictions.csv
CASMI2022,CFM-ID,completed_cached,native_cfmid_precomputed_full_supported_queries,35,35,CASMI_MOL_1196824,CASMI_MOL_193303,193303,0.0025467672,156,False,[M+H]+,233,/home/zhome/ec_structure/github_export/FragAnnotor/results/casmi2022_cfmid_native_precomputed_full_v1/query_shard_24_1_predictions.csv
CASMI2022,CFM-ID,completed_cached,native_cfmid_precomputed_full_supported_queries,35,35,CASMI_MOL_1196824,CASMI_MOL_193100,193100,0.0024769762,157,False,[M+H]+,233,/home/zhome/ec_structure/github_export/FragAnnotor/results/casmi2022_cfmid_native_precomputed_full_v1/query_shard_24_1_predictions.csv
CASMI2022,CFM-ID,completed_cached,native_cfmid_precomputed_full_supported_queries,35,35,CASMI_MOL_1196824,CASMI_MOL_193220,193220,0.0024309774,158,False,[M+H]+,233,/home/zhome/ec_structure/github_export/FragAnnotor/results/casmi2022_cfmid_native_precomputed_full_v1/query_shard_24_1_predictions.csv
CASMI2022,CFM-ID,completed_cached,native_cfmid_precomputed_full_supported_queries,35,35,CASMI_MOL_1196824,CASMI_MOL_193269,193269,0.0024245575,159,False,[M+H]+,233,/home/zhome/ec_structure/github_export/FragAnnotor/results/casmi2022_cfmid_native_precomputed_full_v1/query_shard_24_1_predictions.csv
CASMI2022,CFM-ID,completed_cached,native_cfmid_precomputed_full_supported_queries,35,35,CASMI_MOL_1196824,CASMI_MOL_193282,193282,0.002395098,160,False,[M+H]+,233,/home/zhome/ec_structure/github_export/FragAnnotor/results/casmi2022_cfmid_native_precomputed_full_v1/query_shard_24_1_predictions.csv
CASMI2022,CFM-ID,completed_cached,native_cfmid_precomputed_full_supported_queries,35,35,CASMI_MOL_1196824,CASMI_MOL_193207,193207,0.0023331039,161,False,[M+H]+,233,/home/zhome/ec_structure/github_export/FragAnnotor/results/casmi2022_cfmid_native_precomputed_full_v1/query_shard_24_1_predictions.csv
CASMI2022,CFM-ID,completed_cached,native_cfmid_precomputed_full_supported_queries,35,35,CASMI_MOL_1196824,CASMI_MOL_193104,193104,0.002296907,162,False,[M+H]+,233,/home/zhome/ec_structure/github_export/FragAnnotor/results/casmi2022_cfmid_native_precomputed_full_v1/query_shard_24_1_predictions.csv
CASMI2022,CFM-ID,completed_cached,native_cfmid_precomputed_full_supported_queries,35,35,CASMI_MOL_1196824,CASMI_MOL_193289,193289,0.002296907,163,False,[M+H]+,233,/home/zhome/ec_structure/github_export/FragAnnotor/results/casmi2022_cfmid_native_precomputed_full_v1/query_shard_24_1_predictions.csv
CASMI2022,CFM-ID,completed_cached,native_cfmid_precomputed_full_supported_queries,35,35,CASMI_MOL_1196824,CASMI_MOL_193101,193101,0.002296907,164,False,[M+H]+,233,/home/zhome/ec_structure/github_export/FragAnnotor/results/casmi2022_cfmid_native_precomputed_full_v1/query_shard_24_1_predictions.csv
CASMI2022,CFM-ID,completed_cached,native_cfmid_precomputed_full_supported_queries,35,35,CASMI_MOL_1196824,CASMI_MOL_193310,193310,0.0021738824,165,False,[M+H]+,233,/home/zhome/ec_structure/github_export/FragAnnotor/results/casmi2022_cfmid_native_precomputed_full_v1/query_shard_24_1_predictions.csv
CASMI2022,CFM-ID,completed_cached,native_cfmid_precomputed_full_supported_queries,35,35,CASMI_MOL_1196824,CASMI_MOL_193313,193313,0.0021738824,166,False,[M+H]+,233,/home/zhome/ec_structure/github_export/FragAnnotor/results/casmi2022_cfmid_native_precomputed_full_v1/query_shard_24_1_predictions.csv
CASMI2022,CFM-ID,completed_cached,native_cfmid_precomputed_full_supported_queries,35,35,CASMI_MOL_1196824,CASMI_MOL_193279,193279,0.0021738824,167,False,[M+H]+,233,/home/zhome/ec_structure/github_export/FragAnnotor/results/casmi2022_cfmid_native_precomputed_full_v1/query_shard_24_1_predictions.csv
CASMI2022,CFM-ID,completed_cached,native_cfmid_precomputed_full_supported_queries,35,35,CASMI_MOL_1196824,CASMI_MOL_193314,193314,0.002145197,168,False,[M+H]+,233,/home/zhome/ec_structure/github_export/FragAnnotor/results/casmi2022_cfmid_native_precomputed_full_v1/query_shard_24_1_predictions.csv
CASMI2022,CFM-ID,completed_cached,native_cfmid_precomputed_full_supported_queries,35,35,CASMI_MOL_1196824,CASMI_MOL_193249,193249,0.0021412975,169,False,[M+H]+,233,/home/zhome/ec_structure/github_export/FragAnnotor/results/casmi2022_cfmid_native_precomputed_full_v1/query_shard_24_1_predictions.csv
CASMI2022,CFM-ID,completed_cached,native_cfmid_precomputed_full_supported_queries,35,35,CASMI_MOL_1196824,CASMI_MOL_193178,193178,0.0021412975,170,False,[M+H]+,233,/home/zhome/ec_structure/github_export/FragAnnotor/results/casmi2022_cfmid_native_precomputed_full_v1/query_shard_24_1_predictions.csv
CASMI2022,CFM-ID,completed_cached,native_cfmid_precomputed_full_supported_queries,35,35,CASMI_MOL_1196824,CASMI_MOL_193184,193184,0.0021412975,171,False,[M+H]+,233,/home/zhome/ec_structure/github_export/FragAnnotor/results/casmi2022_cfmid_native_precomputed_full_v1/query_shard_24_1_predictions.csv
CASMI2022,CFM-ID,completed_cached,native_cfmid_precomputed_full_supported_queries,35,35,CASMI_MOL_1196824,CASMI_MOL_193232,193232,0.0020890579,172,False,[M+H]+,233,/home/zhome/ec_structure/github_export/FragAnnotor/results/casmi2022_cfmid_native_precomputed_full_v1/query_shard_24_1_predictions.csv
CASMI2022,CFM-ID,completed_cached,native_cfmid_precomputed_full_supported_queries,35,35,CASMI_MOL_1196824,CASMI_MOL_193203,193203,0.0020275738,173,False,[M+H]+,233,/home/zhome/ec_structure/github_export/FragAnnotor/results/casmi2022_cfmid_native_precomputed_full_v1/query_shard_24_1_predictions.csv
CASMI2022,CFM-ID,completed_cached,native_cfmid_precomputed_full_supported_queries,35,35,CASMI_MOL_1196824,CASMI_MOL_193235,193235,0.0020074036,174,False,[M+H]+,233,/home/zhome/ec_structure/github_export/FragAnnotor/results/casmi2022_cfmid_native_precomputed_full_v1/query_shard_24_1_predictions.csv
CASMI2022,CFM-ID,completed_cached,native_cfmid_precomputed_full_supported_queries,35,35,CASMI_MOL_1196824,CASMI_MOL_193238,193238,0.0019969891,175,False,[M+H]+,233,/home/zhome/ec_structure/github_export/FragAnnotor/results/casmi2022_cfmid_native_precomputed_full_v1/query_shard_24_1_predictions.csv
CASMI2022,CFM-ID,completed_cached,native_cfmid_precomputed_full_supported_queries,35,35,CASMI_MOL_1196824,CASMI_MOL_193222,193222,0.0019969891,176,False,[M+H]+,233,/home/zhome/ec_structure/github_export/FragAnnotor/results/casmi2022_cfmid_native_precomputed_full_v1/query_shard_24_1_predictions.csv
CASMI2022,CFM-ID,completed_cached,native_cfmid_precomputed_full_supported_queries,35,35,CASMI_MOL_1196824,CASMI_MOL_193163,193163,0.0019953983,177,False,[M+H]+,233,/home/zhome/ec_structure/github_export/FragAnnotor/results/casmi2022_cfmid_native_precomputed_full_v1/query_shard_24_1_predictions.csv
CASMI2022,CFM-ID,completed_cached,native_cfmid_precomputed_full_supported_queries,35,35,CASMI_MOL_1196824,CASMI_MOL_193188,193188,0.0019402255,178,False,[M+H]+,233,/home/zhome/ec_structure/github_export/FragAnnotor/results/casmi2022_cfmid_native_precomputed_full_v1/query_shard_24_1_predictions.csv
CASMI2022,CFM-ID,completed_cached,native_cfmid_precomputed_full_supported_queries,35,35,CASMI_MOL_1196824,CASMI_MOL_193099,193099,0.0019175435,179,False,[M+H]+,233,/home/zhome/ec_structure/github_export/FragAnnotor/results/casmi2022_cfmid_native_precomputed_full_v1/query_shard_24_1_predictions.csv
CASMI2022,CFM-ID,completed_cached,native_cfmid_precomputed_full_supported_queries,35,35,CASMI_MOL_1196824,CASMI_MOL_193126,193126,0.0018939181,180,False,[M+H]+,233,/home/zhome/ec_structure/github_export/FragAnnotor/results/casmi2022_cfmid_native_precomputed_full_v1/query_shard_24_1_predictions.csv
CASMI2022,CFM-ID,completed_cached,native_cfmid_precomputed_full_supported_queries,35,35,CASMI_MOL_1196824,CASMI_MOL_193217,193217,0.0018820783,181,False,[M+H]+,233,/home/zhome/ec_structure/github_export/FragAnnotor/results/casmi2022_cfmid_native_precomputed_full_v1/query_shard_24_1_predictions.csv
CASMI2022,CFM-ID,completed_cached,native_cfmid_precomputed_full_supported_queries,35,35,CASMI_MOL_1196824,CASMI_MOL_193275,193275,0.0018376049,182,False,[M+H]+,233,/home/zhome/ec_structure/github_export/FragAnnotor/results/casmi2022_cfmid_native_precomputed_full_v1/query_shard_24_1_predictions.csv
CASMI2022,CFM-ID,completed_cached,native_cfmid_precomputed_full_supported_queries,35,35,CASMI_MOL_1196824,CASMI_MOL_193256,193256,0.0017989141,183,False,[M+H]+,233,/home/zhome/ec_structure/github_export/FragAnnotor/results/casmi2022_cfmid_native_precomputed_full_v1/query_shard_24_1_predictions.csv
CASMI2022,CFM-ID,completed_cached,native_cfmid_precomputed_full_supported_queries,35,35,CASMI_MOL_1196824,CASMI_MOL_193115,193115,0.0017989141,184,False,[M+H]+,233,/home/zhome/ec_structure/github_export/FragAnnotor/results/casmi2022_cfmid_native_precomputed_full_v1/query_shard_24_1_predictions.csv
CASMI2022,CFM-ID,completed_cached,native_cfmid_precomputed_full_supported_queries,35,35,CASMI_MOL_1196824,CASMI_MOL_193153,193153,0.001793837,185,False,[M+H]+,233,/home/zhome/ec_structure/github_export/FragAnnotor/results/casmi2022_cfmid_native_precomputed_full_v1/query_shard_24_1_predictions.csv
CASMI2022,CFM-ID,completed_cached,native_cfmid_precomputed_full_supported_queries,35,35,CASMI_MOL_1196824,CASMI_MOL_193161,193161,0.001774939,186,False,[M+H]+,233,/home/zhome/ec_structure/github_export/FragAnnotor/results/casmi2022_cfmid_native_precomputed_full_v1/query_shard_24_1_predictions.csv
CASMI2022,CFM-ID,completed_cached,native_cfmid_precomputed_full_supported_queries,35,35,CASMI_MOL_1196824,CASMI_MOL_193208,193208,0.0017257201,187,False,[M+H]+,233,/home/zhome/ec_structure/github_export/FragAnnotor/results/casmi2022_cfmid_native_precomputed_full_v1/query_shard_24_1_predictions.csv
CASMI2022,CFM-ID,completed_cached,native_cfmid_precomputed_full_supported_queries,35,35,CASMI_MOL_1196824,CASMI_MOL_193131,193131,0.0016653622,188,False,[M+H]+,233,/home/zhome/ec_structure/github_export/FragAnnotor/results/casmi2022_cfmid_native_precomputed_full_v1/query_shard_24_1_predictions.csv
CASMI2022,CFM-ID,completed_cached,native_cfmid_precomputed_full_supported_queries,35,35,CASMI_MOL_1196824,CASMI_MOL_193211,193211,0.0016460564,189,False,[M+H]+,233,/home/zhome/ec_structure/github_export/FragAnnotor/results/casmi2022_cfmid_native_precomputed_full_v1/query_shard_24_1_predictions.csv
CASMI2022,CFM-ID,completed_cached,native_cfmid_precomputed_full_supported_queries,35,35,CASMI_MOL_1196824,CASMI_MOL_193119,193119,0.0015022705,190,False,[M+H]+,233,/home/zhome/ec_structure/github_export/FragAnnotor/results/casmi2022_cfmid_native_precomputed_full_v1/query_shard_24_1_predictions.csv
CASMI2022,CFM-ID,completed_cached,native_cfmid_precomputed_full_supported_queries,35,35,CASMI_MOL_1196824,CASMI_MOL_193200,193200,0.0014996729,191,False,[M+H]+,233,/home/zhome/ec_structure/github_export/FragAnnotor/results/casmi2022_cfmid_native_precomputed_full_v1/query_shard_24_1_predictions.csv
CASMI2022,CFM-ID,completed_cached,native_cfmid_precomputed_full_supported_queries,35,35,CASMI_MOL_1196824,CASMI_MOL_193278,193278,0.001498233,192,False,[M+H]+,233,/home/zhome/ec_structure/github_export/FragAnnotor/results/casmi2022_cfmid_native_precomputed_full_v1/query_shard_24_1_predictions.csv
CASMI2022,CFM-ID,completed_cached,native_cfmid_precomputed_full_supported_queries,35,35,CASMI_MOL_1196824,CASMI_MOL_193293,193293,0.001498233,193,False,[M+H]+,233,/home/zhome/ec_structure/github_export/FragAnnotor/results/casmi2022_cfmid_native_precomputed_full_v1/query_shard_24_1_predictions.csv
CASMI2022,CFM-ID,completed_cached,native_cfmid_precomputed_full_supported_queries,35,35,CASMI_MOL_1196824,CASMI_MOL_193321,193321,0.0014749076,194,False,[M+H]+,233,/home/zhome/ec_structure/github_export/FragAnnotor/results/casmi2022_cfmid_native_precomputed_full_v1/query_shard_24_1_predictions.csv
CASMI2022,CFM-ID,completed_cached,native_cfmid_precomputed_full_supported_queries,35,35,CASMI_MOL_1196824,CASMI_MOL_193114,193114,0.0014749076,195,False,[M+H]+,233,/home/zhome/ec_structure/github_export/FragAnnotor/results/casmi2022_cfmid_native_precomputed_full_v1/query_shard_24_1_predictions.csv
CASMI2022,CFM-ID,completed_cached,native_cfmid_precomputed_full_supported_queries,35,35,CASMI_MOL_1196824,CASMI_MOL_193162,193162,0.0014605102,196,False,[M+H]+,233,/home/zhome/ec_structure/github_export/FragAnnotor/results/casmi2022_cfmid_native_precomputed_full_v1/query_shard_24_1_predictions.csv
CASMI2022,CFM-ID,completed_cached,native_cfmid_precomputed_full_supported_queries,35,35,CASMI_MOL_1196824,CASMI_MOL_193132,193132,0.0014020789,197,False,[M+H]+,233,/home/zhome/ec_structure/github_export/FragAnnotor/results/casmi2022_cfmid_native_precomputed_full_v1/query_shard_24_1_predictions.csv
CASMI2022,CFM-ID,completed_cached,native_cfmid_precomputed_full_supported_queries,35,35,CASMI_MOL_1196824,CASMI_MOL_193206,193206,0.0013947969,198,False,[M+H]+,233,/home/zhome/ec_structure/github_export/FragAnnotor/results/casmi2022_cfmid_native_precomputed_full_v1/query_shard_24_1_predictions.csv
CASMI2022,CFM-ID,completed_cached,native_cfmid_precomputed_full_supported_queries,35,35,CASMI_MOL_1196824,CASMI_MOL_193237,193237,0.0013933427,199,False,[M+H]+,233,/home/zhome/ec_structure/github_export/FragAnnotor/results/casmi2022_cfmid_native_precomputed_full_v1/query_shard_24_1_predictions.csv
CASMI2022,CFM-ID,completed_cached,native_cfmid_precomputed_full_supported_queries,35,35,CASMI_MOL_1196824,CASMI_MOL_193125,193125,0.0013927538,200,False,[M+H]+,233,/home/zhome/ec_structure/github_export/FragAnnotor/results/casmi2022_cfmid_native_precomputed_full_v1/query_shard_24_1_predictions.csv
CASMI2022,CFM-ID,completed_cached,native_cfmid_precomputed_full_supported_queries,35,35,CASMI_MOL_1196824,CASMI_MOL_193129,193129,0.0013927538,201,False,[M+H]+,233,/home/zhome/ec_structure/github_export/FragAnnotor/results/casmi2022_cfmid_native_precomputed_full_v1/query_shard_24_1_predictions.csv
CASMI2022,CFM-ID,completed_cached,native_cfmid_precomputed_full_supported_queries,35,35,CASMI_MOL_1196824,CASMI_MOL_193199,193199,0.0013927538,202,False,[M+H]+,233,/home/zhome/ec_structure/github_export/FragAnnotor/results/casmi2022_cfmid_native_precomputed_full_v1/query_shard_24_1_predictions.csv
CASMI2022,CFM-ID,completed_cached,native_cfmid_precomputed_full_supported_queries,35,35,CASMI_MOL_1196824,CASMI_MOL_193190,193190,0.0013927538,203,False,[M+H]+,233,/home/zhome/ec_structure/github_export/FragAnnotor/results/casmi2022_cfmid_native_precomputed_full_v1/query_shard_24_1_predictions.csv
CASMI2022,CFM-ID,completed_cached,native_cfmid_precomputed_full_supported_queries,35,35,CASMI_MOL_1196824,CASMI_MOL_193118,193118,0.0013644656,204,False,[M+H]+,233,/home/zhome/ec_structure/github_export/FragAnnotor/results/casmi2022_cfmid_native_precomputed_full_v1/query_shard_24_1_predictions.csv
CASMI2022,CFM-ID,completed_cached,native_cfmid_precomputed_full_supported_queries,35,35,CASMI_MOL_1196824,CASMI_MOL_193189,193189,0.0013529575,205,False,[M+H]+,233,/home/zhome/ec_structure/github_export/FragAnnotor/results/casmi2022_cfmid_native_precomputed_full_v1/query_shard_24_1_predictions.csv
CASMI2022,CFM-ID,completed_cached,native_cfmid_precomputed_full_supported_queries,35,35,CASMI_MOL_1196824,CASMI_MOL_193234,193234,0.0013529575,206,False,[M+H]+,233,/home/zhome/ec_structure/github_export/FragAnnotor/results/casmi2022_cfmid_native_precomputed_full_v1/query_shard_24_1_predictions.csv
CASMI2022,CFM-ID,completed_cached,native_cfmid_precomputed_full_supported_queries,35,35,CASMI_MOL_1196824,CASMI_MOL_193194,193194,0.0013529575,207,False,[M+H]+,233,/home/zhome/ec_structure/github_export/FragAnnotor/results/casmi2022_cfmid_native_precomputed_full_v1/query_shard_24_1_predictions.csv
CASMI2022,CFM-ID,completed_cached,native_cfmid_precomputed_full_supported_queries,35,35,CASMI_MOL_1196824,CASMI_MOL_193219,193219,0.0013529575,208,False,[M+H]+,233,/home/zhome/ec_structure/github_export/FragAnnotor/results/casmi2022_cfmid_native_precomputed_full_v1/query_shard_24_1_predictions.csv
CASMI2022,CFM-ID,completed_cached,native_cfmid_precomputed_full_supported_queries,35,35,CASMI_MOL_1196824,CASMI_MOL_193160,193160,0.0013361619,209,False,[M+H]+,233,/home/zhome/ec_structure/github_export/FragAnnotor/results/casmi2022_cfmid_native_precomputed_full_v1/query_shard_24_1_predictions.csv
CASMI2022,CFM-ID,completed_cached,native_cfmid_precomputed_full_supported_queries,35,35,CASMI_MOL_1196824,CASMI_MOL_193138,193138,0.0012737541,210,False,[M+H]+,233,/home/zhome/ec_structure/github_export/FragAnnotor/results/casmi2022_cfmid_native_precomputed_full_v1/query_shard_24_1_predictions.csv
CASMI2022,CFM-ID,completed_cached,native_cfmid_precomputed_full_supported_queries,35,35,CASMI_MOL_1196824,CASMI_MOL_193185,193185,0.001271945,211,False,[M+H]+,233,/home/zhome/ec_structure/github_export/FragAnnotor/results/casmi2022_cfmid_native_precomputed_full_v1/query_shard_24_1_predictions.csv
CASMI2022,CFM-ID,completed_cached,native_cfmid_precomputed_full_supported_queries,35,35,CASMI_MOL_1196824,CASMI_MOL_193180,193180,0.0012505146,212,False,[M+H]+,233,/home/zhome/ec_structure/github_export/FragAnnotor/results/casmi2022_cfmid_native_precomputed_full_v1/query_shard_24_1_predictions.csv
CASMI2022,CFM-ID,completed_cached,native_cfmid_precomputed_full_supported_queries,35,35,CASMI_MOL_1196824,CASMI_MOL_193227,193227,0.0012288276,213,False,[M+H]+,233,/home/zhome/ec_structure/github_export/FragAnnotor/results/casmi2022_cfmid_native_precomputed_full_v1/query_shard_24_1_predictions.csv
CASMI2022,CFM-ID,completed_cached,native_cfmid_precomputed_full_supported_queries,35,35,CASMI_MOL_1196824,CASMI_MOL_193182,193182,0.0012113332,214,False,[M+H]+,233,/home/zhome/ec_structure/github_export/FragAnnotor/results/casmi2022_cfmid_native_precomputed_full_v1/query_shard_24_1_predictions.csv
CASMI2022,CFM-ID,completed_cached,native_cfmid_precomputed_full_supported_queries,35,35,CASMI_MOL_1196824,CASMI_MOL_193154,193154,0.0011183755,215,False,[M+H]+,233,/home/zhome/ec_structure/github_export/FragAnnotor/results/casmi2022_cfmid_native_precomputed_full_v1/query_shard_24_1_predictions.csv
CASMI2022,CFM-ID,completed_cached,native_cfmid_precomputed_full_supported_queries,35,35,CASMI_MOL_1196824,CASMI_MOL_193094,193094,0.0009288322,216,False,[M+H]+,233,/home/zhome/ec_structure/github_export/FragAnnotor/results/casmi2022_cfmid_native_precomputed_full_v1/query_shard_24_1_predictions.csv
CASMI2022,CFM-ID,completed_cached,native_cfmid_precomputed_full_supported_queries,35,35,CASMI_MOL_1196824,CASMI_MOL_193186,193186,0.00084399738,217,False,[M+H]+,233,/home/zhome/ec_structure/github_export/FragAnnotor/results/casmi2022_cfmid_native_precomputed_full_v1/query_shard_24_1_predictions.csv
CASMI2022,CFM-ID,completed_cached,native_cfmid_precomputed_full_supported_queries,35,35,CASMI_MOL_1196824,CASMI_MOL_193215,193215,0.00084399738,218,False,[M+H]+,233,/home/zhome/ec_structure/github_export/FragAnnotor/results/casmi2022_cfmid_native_precomputed_full_v1/query_shard_24_1_predictions.csv
CASMI2022,CFM-ID,completed_cached,native_cfmid_precomputed_full_supported_queries,35,35,CASMI_MOL_1196824,CASMI_MOL_193216,193216,0.00083741082,219,False,[M+H]+,233,/home/zhome/ec_structure/github_export/FragAnnotor/results/casmi2022_cfmid_native_precomputed_full_v1/query_shard_24_1_predictions.csv
CASMI2022,CFM-ID,completed_cached,native_cfmid_precomputed_full_supported_queries,35,35,CASMI_MOL_1196824,CASMI_MOL_193171,193171,0.00083657213,220,False,[M+H]+,233,/home/zhome/ec_structure/github_export/FragAnnotor/results/casmi2022_cfmid_native_precomputed_full_v1/query_shard_24_1_predictions.csv
CASMI2022,CFM-ID,completed_cached,native_cfmid_precomputed_full_supported_queries,35,35,CASMI_MOL_1196824,CASMI_MOL_193252,193252,0.00069432733,221,False,[M+H]+,233,/home/zhome/ec_structure/github_export/FragAnnotor/results/casmi2022_cfmid_native_precomputed_full_v1/query_shard_24_1_predictions.csv
CASMI2022,CFM-ID,completed_cached,native_cfmid_precomputed_full_supported_queries,35,35,CASMI_MOL_1196824,CASMI_MOL_193245,193245,0.00053442641,222,False,[M+H]+,233,/home/zhome/ec_structure/github_export/FragAnnotor/results/casmi2022_cfmid_native_precomputed_full_v1/query_shard_24_1_predictions.csv
CASMI2022,CFM-ID,completed_cached,native_cfmid_precomputed_full_supported_queries,35,35,CASMI_MOL_1196824,CASMI_MOL_193109,193109,0.00052343942,223,False,[M+H]+,233,/home/zhome/ec_structure/github_export/FragAnnotor/results/casmi2022_cfmid_native_precomputed_full_v1/query_shard_24_1_predictions.csv
CASMI2022,CFM-ID,completed_cached,native_cfmid_precomputed_full_supported_queries,35,35,CASMI_MOL_1196824,CASMI_MOL_193108,193108,0.00052343942,224,False,[M+H]+,233,/home/zhome/ec_structure/github_export/FragAnnotor/results/casmi2022_cfmid_native_precomputed_full_v1/query_shard_24_1_predictions.csv
CASMI2022,CFM-ID,completed_cached,native_cfmid_precomputed_full_supported_queries,35,35,CASMI_MOL_1196824,CASMI_MOL_193110,193110,0.00052343942,225,False,[M+H]+,233,/home/zhome/ec_structure/github_export/FragAnnotor/results/casmi2022_cfmid_native_precomputed_full_v1/query_shard_24_1_predictions.csv
CASMI2022,CFM-ID,completed_cached,native_cfmid_precomputed_full_supported_queries,35,35,CASMI_MOL_1196824,CASMI_MOL_193152,193152,0.00048687238,226,False,[M+H]+,233,/home/zhome/ec_structure/github_export/FragAnnotor/results/casmi2022_cfmid_native_precomputed_full_v1/query_shard_24_1_predictions.csv
CASMI2022,CFM-ID,completed_cached,native_cfmid_precomputed_full_supported_queries,35,35,CASMI_MOL_1196824,CASMI_MOL_193244,193244,0.00048687238,227,False,[M+H]+,233,/home/zhome/ec_structure/github_export/FragAnnotor/results/casmi2022_cfmid_native_precomputed_full_v1/query_shard_24_1_predictions.csv
CASMI2022,CFM-ID,completed_cached,native_cfmid_precomputed_full_supported_queries,35,35,CASMI_MOL_1196824,CASMI_MOL_193248,193248,0.0004757934,228,False,[M+H]+,233,/home/zhome/ec_structure/github_export/FragAnnotor/results/casmi2022_cfmid_native_precomputed_full_v1/query_shard_24_1_predictions.csv
CASMI2022,CFM-ID,completed_cached,native_cfmid_precomputed_full_supported_queries,35,35,CASMI_MOL_1196824,CASMI_MOL_193136,193136,0.00036428509,229,False,[M+H]+,233,/home/zhome/ec_structure/github_export/FragAnnotor/results/casmi2022_cfmid_native_precomputed_full_v1/query_shard_24_1_predictions.csv
CASMI2022,CFM-ID,completed_cached,native_cfmid_precomputed_full_supported_queries,35,35,CASMI_MOL_1196824,CASMI_MOL_193137,193137,0.00036428509,230,False,[M+H]+,233,/home/zhome/ec_structure/github_export/FragAnnotor/results/casmi2022_cfmid_native_precomputed_full_v1/query_shard_24_1_predictions.csv
CASMI2022,CFM-ID,completed_cached,native_cfmid_precomputed_full_supported_queries,35,35,CASMI_MOL_1196824,CASMI_MOL_193258,193258,0.00029223589,231,False,[M+H]+,233,/home/zhome/ec_structure/github_export/FragAnnotor/results/casmi2022_cfmid_native_precomputed_full_v1/query_shard_24_1_predictions.csv
CASMI2022,CFM-ID,completed_cached,native_cfmid_precomputed_full_supported_queries,35,35,CASMI_MOL_1196824,CASMI_MOL_193259,193259,0.0001514765,232,False,[M+H]+,233,/home/zhome/ec_structure/github_export/FragAnnotor/results/casmi2022_cfmid_native_precomputed_full_v1/query_shard_24_1_predictions.csv
CASMI2022,CFM-ID,completed_cached,native_cfmid_precomputed_full_supported_queries,35,35,CASMI_MOL_1196824,CASMI_MOL_193116,193116,4.7364447e-06,233,False,[M+H]+,233,/home/zhome/ec_structure/github_export/FragAnnotor/results/casmi2022_cfmid_native_precomputed_full_v1/query_shard_24_1_predictions.csv
