dataset,spectrum_id,query_id,model,status,native_or_fallback,true_inchikey,true_smiles,true_formula,compound_name,pfas_class,precursor_mz,ion_mode,adduct,collision_energy,candidate_count,true_rank,top1_correct,top5_correct,top10_correct,reciprocal_rank,top1_candidate_smiles,top1_candidate_inchikey,top1_candidate_formula,top1_score,top1_tanimoto,formula_correct,error_message
CASMI2022,0,0,FragAnnotor,completed,formal_fixed_component_score_mode,CASMI_MOL_1196787,COc1ccc(-c2oc3c(CC=C(C)C)c(O)cc(O)c3c(=O)c2OC2OC(C)C(OC(C)=O)C(OC3OC(CO)C(O)C(O)C3O)C2O)cc1,C35H42O16,,,719.253866983956,P,[M+H]+,,1241,54.0,False,False,False,0.018518518518518517,CC(=O)COC(=O)CCNC(=O)C(N)CSCC1OC(OC2C(CO)OC(OC3C(CO)OCC(O)C3O)C(O)C2O)C(O)C(O)C1O,CASMI_MOL_834,C27H46N2O18S,0.20044953870604265,0.2184873949579832,False,
CASMI2022,1,1,FragAnnotor,completed,formal_fixed_component_score_mode,CASMI_MOL_1196788,CC(C)CC(O)C(=O)NC(C(=O)OC(C(=O)NC(CC(C)C)C(=O)O)C(C)C)C(C)C,C22H40N2O7,,,467.272376926512,P,[M+Na]+,,2001,1.0,True,True,True,1.0,CC(C)CC(O)C(=O)NC(C(=O)OC(C(=O)NC(CC(C)C)C(=O)O)C(C)C)C(C)C,CASMI_MOL_1196788,C22H40N2O7,0.8490079247826241,1.0,True,
CASMI2022,2,2,FragAnnotor,completed,formal_fixed_component_score_mode,CASMI_MOL_1196789,CC(=O)OC12CC(C)C(O)C1C=C(C)C(OC(=O)CCC(=O)O)CC1C(=CC(C)C2=O)C1(C)C,C26H36O8,,,499.229625521457,P,[M+Na]+,,2001,1.0,True,True,True,1.0,CC(=O)OC12CC(C)C(O)C1C=C(C)C(OC(=O)CCC(=O)O)CC1C(=CC(C)C2=O)C1(C)C,CASMI_MOL_1196789,C26H36O8,0.8479148593880571,1.0,True,
CASMI2022,3,3,FragAnnotor,completed,formal_fixed_component_score_mode,CASMI_MOL_1196790,CN(C)CCc1c[nH]c2ccc(CS(=O)(=O)N3CCCC3)cc12,C17H25N3O2S,,,336.173416402974,P,[M+H]+,,2001,672.0,False,False,False,0.001488095238095238,O=C(C1CCN(Cc2cc(C3CC3)on2)CC1)N1CCSCC1,CASMI_MOL_10001,C17H25N3O2S,0.8946572529308799,0.1,True,
CASMI2022,4,4,FragAnnotor,completed,formal_fixed_component_score_mode,CASMI_MOL_1196791,Cn1c(CNc2ccc(C(=N)N)cc2)nc2cc(C(=O)N(CCC(=O)O)c3ccccn3)ccc21,C25H25N7O3,,,472.208379934413,P,[M+H]+,,2001,27.0,False,False,False,0.037037037037037035,Nc1cc(OCC2OC(n3ccc4c(N)ncnc43)C(F)C2O)ccc1C(=O)N1CCNCC1,CASMI_MOL_18426,C22H26FN7O4,0.8313444975372933,0.1111111111111111,False,
CASMI2022,5,5,FragAnnotor,completed,formal_fixed_component_score_mode,CASMI_MOL_1196792,CCCC(=O)OCC(OC(=O)CCC)C(OC(=O)CCC)C(Cn1c2nc(=O)[nH]c(=O)c-2nc2cc(C)c(C)cc21)OC(=O)CCC,C33H44N4O10,,,657.311672306106,P,[M+H]+,,1074,345.0,False,False,False,0.002898550724637681,Cc1ncsc1-c1ccc(CNC(=O)C2CCCN2C(=O)C(NC(=O)C2(F)CC2)C(C)(C)C)c(OC2CCC3(CC2)OCCO3)c1,CASMI_MOL_25829,C34H45FN4O6S,0.2007774771723832,0.1171875,False,
CASMI2022,6,6,FragAnnotor,completed,formal_fixed_component_score_mode,CASMI_MOL_1196793,CC1CCC2(C(=O)O)CCC3(C)C(=CCC4C5(C)CC(O)C(O)C(C)(C(=O)O)C5CCC43C)C2C1(C)O,C30H46O7,,,519.33115928565,P,[M+H]+,,1524,1.0,True,True,True,1.0,CC1CCC2(C(=O)O)CCC3(C)C(=CCC4C5(C)CC(O)C(O)C(C)(C(=O)O)C5CCC43C)C2C1(C)O,CASMI_MOL_1196793,C30H46O7,0.8488608477031989,1.0,True,
CASMI2022,7,7,FragAnnotor,completed,formal_fixed_component_score_mode,CASMI_MOL_1196794,CCC1(C)C(=O)C=Cc2c1oc(C)c(C)c2=O,C14H16O3,,,233.116974574285,P,[M+H]+,,2001,1.0,True,True,True,1.0,CCC1(C)C(=O)C=Cc2c1oc(C)c(C)c2=O,CASMI_MOL_1196794,C14H16O3,0.9068979913545419,1.0,True,
CASMI2022,8,8,FragAnnotor,completed,formal_fixed_component_score_mode,CASMI_MOL_1196795,CC1(C(O)COC2OC(CO)C(O)C(O)C2O)CCC2C3(C)CCCC(C)(C(=O)O)C3CC(O)C2(O)C1,C26H44O11,,,555.276974904429,P,[M+Na]+,,1910,1.0,True,True,True,1.0,CC1(C(O)COC2OC(CO)C(O)C(O)C2O)CCC2C3(C)CCCC(C)(C(=O)O)C3CC(O)C2(O)C1,CASMI_MOL_1196795,C26H44O11,0.8483415864440524,1.0,True,
CASMI2022,9,9,FragAnnotor,completed,formal_fixed_component_score_mode,CASMI_MOL_1196796,Cc1ccc(C2(c3ccc(C)c(O)c3)OC(=O)c3ccccc32)cc1O,C22H18O4,,,347.12743382156,P,[M+H]+,,2001,1.0,True,True,True,1.0,Cc1ccc(C2(c3ccc(C)c(O)c3)OC(=O)c3ccccc32)cc1O,CASMI_MOL_1196796,C22H18O4,0.8485793212174022,1.0,True,
CASMI2022,10,10,FragAnnotor,completed,formal_fixed_component_score_mode,CASMI_MOL_1196797,Cc1cc(SCc2sc(-c3ccc(C(F)(F)F)cc3)nc2C)ccc1OCC(=O)O,C21H18F3NO3S2,,,454.07482453927,P,[M+H]+,,2001,77.0,False,False,False,0.012987012987012988,O=[N+]([O-])c1cc(N=Cc2ccc(C=Nc3cc([N+](=O)[O-])cc([N+](=O)[O-])c3)[nH]2)cc([N+](=O)[O-])c1,CASMI_MOL_46175,C18H11N7O8,0.8472790785046072,0.07792207792207792,False,
CASMI2022,11,11,FragAnnotor,completed,formal_fixed_component_score_mode,CASMI_MOL_1196798,CCCc1nn(C)c2c(=O)[nH]c(-c3cc(S(=O)(=O)N4CCN(CC)CC4)ccc3OCC)nc12,C23H32N6O4S,,,489.226761835099,P,[M+H]+,,2001,449.0,False,False,False,0.0022271714922048997,O=C(CCc1ccn2ncc(C(=O)NCCN(c3ccccc3)c3ccccc3)c2c1)c1ccccc1,CASMI_MOL_48838,C31H28N4O2,0.8473371472724266,0.08411214953271028,False,
CASMI2022,12,12,FragAnnotor,completed,formal_fixed_component_score_mode,CASMI_MOL_1196799,CC(C)NC(=O)CCc1ccccc1,C12H17NO,,,192.138122780028,P,[M+H]+,,2001,1.0,True,True,True,1.0,CC(C)NC(=O)CCc1ccccc1,CASMI_MOL_1196799,C12H17NO,0.8489427524678699,1.0,True,
CASMI2022,13,13,FragAnnotor,completed,formal_fixed_component_score_mode,CASMI_MOL_1196800,CC(=O)OC(C1CC(C)C(C2(C)CCC34CC35CCC(OC3OCC(O)C(O)C3O)C(C)(C)C5CCC4C2(C)C(=O)O)C(=O)O1)C(C)(C)O,C37H58O12,,,717.380089098989,P,[M+Na]+,,548,1.0,True,True,True,1.0,CC(=O)OC(C1CC(C)C(C2(C)CCC34CC35CCC(OC3OCC(O)C(O)C3O)C(C)(C)C5CCC4C2(C)C(=O)O)C(=O)O1)C(C)(C)O,CASMI_MOL_1196800,C37H58O12,0.8478469462303959,1.0,True,
CASMI2022,14,14,FragAnnotor,completed,formal_fixed_component_score_mode,CASMI_MOL_1196801,COc1ccc(C(O)C(C)Oc2ccc(C3OC(c4ccc5c(c4)OCO5)C(C)C3C)cc2OC)cc1O,C30H34O8,,,545.213786033657,P,[M+Na]+,,2001,1.0,True,True,True,1.0,COc1ccc(C(O)C(C)Oc2ccc(C3OC(c4ccc5c(c4)OCO5)C(C)C3C)cc2OC)cc1O,CASMI_MOL_1196801,C30H34O8,0.8470118788372851,1.0,True,
CASMI2022,15,15,FragAnnotor,completed,formal_fixed_component_score_mode,CASMI_MOL_1196802,CCCc1nn(C)c2c(=O)[nH]c(-c3cc(S(=O)(=O)N4CCN(CCO)CC4)ccc3OCC)nc12,C23H32N6O5S,,,505.221679905913,P,[M+H]+,,2001,320.0,False,False,False,0.003125,[C-]#[N+]c1cccc(-n2nc(C)cc2C(=O)Cc2cccc(C(NCC3CC3)c3cccc4c3OCO4)c2)c1,CASMI_MOL_69672,C31H28N4O3,0.8441079508875357,0.1111111111111111,False,
CASMI2022,16,16,FragAnnotor,completed,formal_fixed_component_score_mode,CASMI_MOL_1196803,CCCCCCCCCCCCN(CCCCCCCCCCCC)CCCCCCCCCCCC,C36H75N,,,522.596526377514,P,[M+H]+,,103,1.0,True,True,True,1.0,CCCCCCCCCCCCN(CCCCCCCCCCCC)CCCCCCCCCCCC,CASMI_MOL_1196803,C36H75N,0.8475129256433164,1.0,True,
CASMI2022,17,17,FragAnnotor,completed,formal_fixed_component_score_mode,CASMI_MOL_1196804,CC1=C(C(=O)O)CC2(C)CCC3C(C)(O)CCC132,C15H22O3,,,251.163916083717,P,[M+H]+,,2001,1.0,True,True,True,1.0,CC1=C(C(=O)O)CC2(C)CCC3C(C)(O)CCC132,CASMI_MOL_1196804,C15H22O3,0.8582675638244271,1.0,True,
CASMI2022,18,18,FragAnnotor,completed,formal_fixed_component_score_mode,CASMI_MOL_1196806,CCCc1oc(=O)ccc1C(O)CO,C10H14O4,,,199.096388145119,P,[M+H]+,,2001,1.0,True,True,True,1.0,CCCc1oc(=O)ccc1C(O)CO,CASMI_MOL_1196806,C10H14O4,0.8648257127386864,1.0,True,
CASMI2022,19,19,FragAnnotor,completed,formal_fixed_component_score_mode,CASMI_MOL_1196807,CC=C(C)c1cc(OC)c(C)c(=O)o1,C11H14O3,,,217.083237930105,P,[M+Na]+,,2001,1.0,True,True,True,1.0,CC=C(C)c1cc(OC)c(C)c(=O)o1,CASMI_MOL_1196807,C11H14O3,0.8563102607432962,1.0,True,
CASMI2022,20,20,FragAnnotor,completed,formal_fixed_component_score_mode,CASMI_MOL_1196808,CC1CCC2(C(=O)OC3OC(CO)C(O)C(O)C3O)CCC3(C)C(=CCC4C5(C)CCC(OC6OCC(O)C(O)C6O)C(C)(CO)C5CCC43C)C2C1(C)O,C41H66O14,,,805.433242169646,P,[M+Na]+,,405,12.0,False,False,False,0.08333333333333333,CC(C)CC1NC(=O)C(Cc2c[nH]c3ccccc23)NC(=O)C(CCCNC(N)=O)NC(=O)C(CC(N)=O)NC(=O)C(C(C)C)NC(=O)C(CC(C)C)NC1=O,CASMI_MOL_98725,C38H58N10O8,0.1999728584084775,0.06766917293233082,False,
CASMI2022,21,21,FragAnnotor,completed,formal_fixed_component_score_mode,CASMI_MOL_1196809,COC(=O)c1cc(OC)c2c(c1-c1c(C(=O)OC)cc(OC)c3c1OCO3)OCO2,C20H18O10,,,419.096457918953,P,[M+H]+,,2001,47.0,False,False,False,0.02127659574468085,O=C(O)C=c1c(O)c(O)ccc1=CCC(=O)OC(Cc1ccc(O)c(O)c1)C(=O)O,CASMI_MOL_100151,C20H18O10,0.8448119429534076,0.11764705882352941,True,
CASMI2022,22,22,FragAnnotor,completed,formal_fixed_component_score_mode,CASMI_MOL_1196810,COc1cc(O)c2c(=O)oc(C)c(C)c2c1C,C13H14O4,,,235.09602715843,P,[M+H]+,,2001,1588.0,False,False,False,0.0006297229219143577,Cc1c(O)c(O)c(C)c2c1CCC(=O)C(=O)C2,CASMI_MOL_106186,C13H14O4,0.8482728504744034,0.17391304347826086,True,
CASMI2022,23,23,FragAnnotor,completed,formal_fixed_component_score_mode,CASMI_MOL_1196811,CC(=CC(=O)O)CCC1(C)C(C)CCC2(C)C(C)=CCCC21,C20H32O2,,,305.24715503306,P,[M+H]+,,2001,1916.0,False,False,False,0.0005219206680584551,CCCCCCCCCCCc1ccc(C(=O)OC)cc1C,CASMI_MOL_112477,C20H32O2,0.8583511224453036,0.11428571428571428,True,
CASMI2022,24,24,FragAnnotor,completed,formal_fixed_component_score_mode,CASMI_MOL_1196813,COc1cc2nccc3c4ccccc4n(c1=O)c23,C15H10N2O2,,,251.081286729391,P,[M+H]+,,2001,318.0,False,False,False,0.0031446540880503146,c1nc2cc(Cc3ccc4ocnc4c3)ccc2o1,CASMI_MOL_118221,C15H10N2O2,0.8489623299449882,0.12727272727272726,True,
CASMI2022,25,25,FragAnnotor,completed,formal_fixed_component_score_mode,CASMI_MOL_1196814,CCC(O)C(O)CC=CCC=CCCCC(N)=O,C14H25NO3,,,256.190347458289,P,[M+H]+,,2001,1.0,True,True,True,1.0,CCC(O)C(O)CC=CCC=CCCCC(N)=O,CASMI_MOL_1196814,C14H25NO3,0.8470824349569612,1.0,True,
CASMI2022,26,26,FragAnnotor,completed,formal_fixed_component_score_mode,CASMI_MOL_1196815,C=c1[nH]cc(CO)c(=CNNC(=O)c2ccncc2)c1=O,C14H14N4O3,,,287.113248407357,P,[M+H]+,,2001,1.0,True,True,True,1.0,C=c1[nH]cc(CO)c(=CNNC(=O)c2ccncc2)c1=O,CASMI_MOL_1196815,C14H14N4O3,0.8436597686555092,1.0,True,
CASMI2022,27,27,FragAnnotor,completed,formal_fixed_component_score_mode,CASMI_MOL_1196816,COc1cc2c(cc1OC)CN(CCc1ccc(NC(=O)c3cccc4c(=O)c5cccc(OC)c5[nH]c34)cc1)CC2,C34H33N3O5,,,564.248474121094,P,[M+H]+,,2001,1.0,True,True,True,1.0,COc1cc2c(cc1OC)CN(CCc1ccc(NC(=O)c3cccc4c(=O)c5cccc(OC)c5[nH]c34)cc1)CC2,CASMI_MOL_1196816,C34H33N3O5,0.8526569701566383,1.0,True,
CASMI2022,28,28,FragAnnotor,completed,formal_fixed_component_score_mode,CASMI_MOL_1196817,CC(C)(Cc1c[nH]c2ccccc12)NCC(O)COc1ccccc1C#N,C22H25N3O2,,,386.18316740815,P,[M+Na]+,,2001,1.0,True,True,True,1.0,CC(C)(Cc1c[nH]c2ccccc12)NCC(O)COc1ccccc1C#N,CASMI_MOL_1196817,C22H25N3O2,0.8450935984592758,1.0,True,
CASMI2022,29,29,FragAnnotor,completed,formal_fixed_component_score_mode,CASMI_MOL_1196818,CC(=O)NC(CSCC(=O)C12CC(C)(C)CC1=CC(C(=O)O)C2CC(=O)O)C(=O)O,C20H27NO8S,,,442.152698645402,P,[M+H]+,,2001,1.0,True,True,True,1.0,CC(=O)NC(CSCC(=O)C12CC(C)(C)CC1=CC(C(=O)O)C2CC(=O)O)C(=O)O,CASMI_MOL_1196818,C20H27NO8S,0.7851984142174298,1.0,True,
CASMI2022,30,30,FragAnnotor,completed,formal_fixed_component_score_mode,CASMI_MOL_1196819,O=C(O)CCCCCCCC(O)C(O)CCCC(=O)O,C14H26O6,,,313.162104668711,P,[M+Na]+,,2001,1.0,True,True,True,1.0,O=C(O)CCCCCCCC(O)C(O)CCCC(=O)O,CASMI_MOL_1196819,C14H26O6,0.8831828288380281,1.0,True,
CASMI2022,31,31,FragAnnotor,completed,formal_fixed_component_score_mode,CASMI_MOL_1196820,CN(C(=O)c1ccc(C(C)(C)C)cc1)c1ccccc1,C18H21NO,,,268.169176279556,P,[M+H]+,,2001,1.0,True,True,True,1.0,CN(C(=O)c1ccc(C(C)(C)C)cc1)c1ccccc1,CASMI_MOL_1196820,C18H21NO,0.8467093929598529,1.0,True,
CASMI2022,32,32,FragAnnotor,completed,formal_fixed_component_score_mode,CASMI_MOL_1196821,COc1ccc(-c2oc3c(OC)c(OC)c(OC)c(OC)c3c(=O)c2OC2OC(CO)C(O)C(O)C2O)cc1OC,C27H32O14,,,603.167435039183,P,[M+Na]+,,2001,1.0,True,True,True,1.0,COc1ccc(-c2oc3c(OC)c(OC)c(OC)c(OC)c3c(=O)c2OC2OC(CO)C(O)C(O)C2O)cc1OC,CASMI_MOL_1196821,C27H32O14,0.8462829839359636,1.0,True,
CASMI2022,33,33,FragAnnotor,completed,formal_fixed_component_score_mode,CASMI_MOL_1196822,N#CC=C1C=CC(O)CC1OC1OC(CO)C(O)C(O)C1O,C14H19NO7,,,336.10484867596,P,[M+Na]+,,2001,160.0,False,False,False,0.00625,CCCC1(C(=O)NS(=O)(=O)Cc2ccc(F)cc2C)CC1,CASMI_MOL_184957,C15H20FNO3S,0.8416063985146122,0.10126582278481013,False,
CASMI2022,34,34,FragAnnotor,completed,formal_fixed_component_score_mode,CASMI_MOL_1196823,CCC(C)=NO,C4H9NO,,,88.075645446777,P,[M+H]+,,457,1.0,True,True,True,1.0,CCC(C)=NO,CASMI_MOL_1196823,C4H9NO,0.8831271738473366,1.0,True,
CASMI2022,35,35,FragAnnotor,completed,formal_fixed_component_score_mode,CASMI_MOL_1196824,CCC1OC(=O)C(C)C(=O)C(C)C(OC2OC(C)CC(N(C)C)C2O)C(C)(OC)CC(C)C(=O)C(C)C2N(CCCCn3cnc(-c4cccnc4)c3)C(=O)OC12C,C43H65N5O10,,,812.47884213126,P,[M+H]+,,233,28.0,False,False,False,0.03571428571428571,CC(=O)OCC1OC(OCCOCCOCCN(CCOCCOCCOC2OC(COC(C)=O)C(C)C(C)C2C)C(=O)OCc2ccccc2)C(C)C(C)C1C,CASMI_MOL_193094,C42H69NO14,0.2010709781003867,0.12213740458015267,False,
CASMI2022,36,36,FragAnnotor,completed,formal_fixed_component_score_mode,CASMI_MOL_1196825,COc1cc2nccc(Oc3ccc(NC(=O)NC4CC4)c(Cl)c3)c2cc1C(N)=O,C21H19ClN4O4,,,449.098083496094,P,[M+Na]+,,2001,96.0,False,False,False,0.010416666666666666,O=C1CCC2Oc3ccc4c(c3C=C12)Oc1cc(O)ccc1C41OC(=O)C2=CC=CCC21,CASMI_MOL_193329,C26H18O6,0.8355559256562322,0.09259259259259259,False,
CASMI2022,37,37,FragAnnotor,completed,formal_fixed_component_score_mode,CASMI_MOL_1196826,CC12CCOC1C1C(=O)CC3C(C)(C(=O)O)CCCC3(C)C1CC2,C20H30O4,,,335.220961257905,P,[M+H]+,,2001,1.0,True,True,True,1.0,CC12CCOC1C1C(=O)CC3C(C)(C(=O)O)CCCC3(C)C1CC2,CASMI_MOL_1196826,C20H30O4,0.8481607006920825,1.0,True,
CASMI2022,38,38,FragAnnotor,completed,formal_fixed_component_score_mode,CASMI_MOL_1196827,CC(C)=CCCC(=CC=CC(C)CC(=O)O)C(=O)O,C15H22O4,,,267.158658505007,P,[M+H]+,,2001,1.0,True,True,True,1.0,CC(C)=CCCC(=CC=CC(C)CC(=O)O)C(=O)O,CASMI_MOL_1196827,C15H22O4,0.8565683844855181,1.0,True,
CASMI2022,39,39,FragAnnotor,completed,formal_fixed_component_score_mode,CASMI_MOL_1196829,Cn1ccccc1=O,C6H7NO,,,110.059909596967,P,[M+H]+,,859,1.0,True,True,True,1.0,Cn1ccccc1=O,CASMI_MOL_1196829,C6H7NO,0.8480503219468394,1.0,True,
CASMI2022,40,40,FragAnnotor,completed,formal_fixed_component_score_mode,CASMI_MOL_1196830,CC(C)Nc1cccnc1N1CCN(C(=O)c2cc3cc(NS(C)(=O)=O)ccc3[nH]2)CC1,C22H28N6O3S,,,457.20099752921,P,[M+H]+,,2001,660.0,False,False,False,0.0015151515151515152,CC(O)C(NC(=O)C1(C(=O)NC(CC(N)=O)c2nc(C(N)CO)no2)CCCC1)C(=O)O,CASMI_MOL_219245,C18H28N6O8,0.7941121728183607,0.15,False,
CASMI2022,41,41,FragAnnotor,completed,formal_fixed_component_score_mode,CASMI_MOL_1196831,O=C(c1ccc(Nc2nccc(-c3cc4ccccc4s3)n2)cc1)N1CCC(N2CCCC2)CC1,C28H29N5OS,,,484.216078579256,P,[M+H]+,,2001,453.0,False,False,False,0.002207505518763797,Cc1noc(Cn2cc(C(Cc3cn(Cc4ncno4)nn3)N(C(=O)O)C3CCCCC3)nn2)n1,CASMI_MOL_228815,C20H25N11O4,0.8494808964573135,0.11818181818181818,False,
CASMI2022,42,42,FragAnnotor,completed,formal_fixed_component_score_mode,CASMI_MOL_1196832,CCC1CC2CC3(C(=O)OC)c4[nH]c5ccccc5c4CCN(C2CC(C)=O)C13,C24H30N2O3,,,395.232386610341,P,[M+H]+,,2001,1.0,True,True,True,1.0,CCC1CC2CC3(C(=O)OC)c4[nH]c5ccccc5c4CCN(C2CC(C)=O)C13,CASMI_MOL_1196832,C24H30N2O3,0.8538953703468595,1.0,True,
CASMI2022,43,43,FragAnnotor,completed,formal_fixed_component_score_mode,CASMI_MOL_1196833,CC(C)=CCCC(=CCCC(C)=CCc1oc(O)cc1C)C(=O)O,C20H28O4,,,333.205381675245,P,[M+H]+,,2001,1.0,True,True,True,1.0,CC(C)=CCCC(=CCCC(C)=CCc1oc(O)cc1C)C(=O)O,CASMI_MOL_1196833,C20H28O4,0.8495775365619969,1.0,True,
CASMI2022,44,44,FragAnnotor,completed,formal_fixed_component_score_mode,CASMI_MOL_1196835,COc1cc(C(O)C(C)Oc2ccc(C3OC(c4ccc(OC(C)C(O)c5ccc(OC)c(OC)c5)c(OC)c4)C(C)C3C)cc2OC)ccc1O,C41H50O11,,,741.32297090863,P,[M+Na]+,,1509,953.0,False,False,False,0.001049317943336831,CC(C)CC(NC(=O)C(Cc1ccc(F)cc1)NC(=O)CNC(=O)C(NC(=O)C(N)Cc1ccc(O)cc1)C(C)O)C(=O)NC(C(=O)O)C(C)O,CASMI_MOL_251936,C34H47FN6O10,0.19999901986098476,0.11702127659574468,False,
CASMI2022,45,45,FragAnnotor,completed,formal_fixed_component_score_mode,CASMI_MOL_1196836,CC(O)CC(C)C(O)CCCCCCCCCCC(=O)O,C17H34O4,,,325.234513056476,P,[M+Na]+,,2001,1.0,True,True,True,1.0,CC(O)CC(C)C(O)CCCCCCCCCCC(=O)O,CASMI_MOL_1196836,C17H34O4,0.8692101453149493,1.0,True,
CASMI2022,46,46,FragAnnotor,completed,formal_fixed_component_score_mode,CASMI_MOL_1196837,Nc1cccc2cnccc12,C9H8N2,,,145.075823480782,P,[M+H]+,,960,1.0,True,True,True,1.0,Nc1cccc2cnccc12,CASMI_MOL_1196837,C9H8N2,0.8677295964984875,1.0,True,
CASMI2022,47,47,FragAnnotor,completed,formal_fixed_component_score_mode,CASMI_MOL_1196838,CC(C)c1cc(C(C)C)c(CC(=O)NS(=O)(=O)Oc2c(C(C)C)cccc2C(C)C)c(C(C)C)c1,C29H43NO4S,,,524.280733835452,P,[M+Na]+,,1798,478.0,False,False,False,0.0020920502092050207,C=C1CC(OC)(C(O)C(=O)NC(OC)C2CC(=O)C(C)(C)C(CC(COC)OC)O2)OC(C)C1C,CASMI_MOL_255245,C25H43NO9,0.8256100714986032,0.09375,False,
CASMI2022,48,48,FragAnnotor,completed,formal_fixed_component_score_mode,CASMI_MOL_1196839,C=C(C(=O)O)C1(O)CC2(C)C(=CC1=O)C=CC(OC(=O)C=CC(C)=CC(C)CC)C2C,C25H32O6,,,429.226698960775,P,[M+H]+,,2001,1.0,True,True,True,1.0,C=C(C(=O)O)C1(O)CC2(C)C(=CC1=O)C=CC(OC(=O)C=CC(C)=CC(C)CC)C2C,CASMI_MOL_1196839,C25H32O6,0.84836784197011,1.0,True,
CASMI2022,49,49,FragAnnotor,completed,formal_fixed_component_score_mode,CASMI_MOL_1196840,CC1CCC2(C(=O)OC3OC(CO)C(O)C(O)C3O)CCC3(C)C(=CCC4C5(C)CCC(O)C(C)(C)C5CCC43C)C2C1(C)O,C36H58O9,,,657.396600966236,P,[M+Na]+,,729,1.0,True,True,True,1.0,CC1CCC2(C(=O)OC3OC(CO)C(O)C(O)C3O)CCC3(C)C(=CCC4C5(C)CCC(O)C(C)(C)C5CCC43C)C2C1(C)O,CASMI_MOL_1196840,C36H58O9,0.8484172108432964,1.0,True,
CASMI2022,50,50,FragAnnotor,completed,formal_fixed_component_score_mode,CASMI_MOL_1196841,NP(N)(=O)Oc1ccccc1,C6H9N2O2P,,,173.047241210938,P,[M+H]+,,1506,981.0,False,False,False,0.0010193679918450561,Cc1nc(Cl)nc(CO)c1C,CASMI_MOL_266798,C7H9ClN2O,0.8435540476075725,0.025,False,
CASMI2022,51,51,FragAnnotor,completed,formal_fixed_component_score_mode,CASMI_MOL_1196842,COC(=O)CC(C)(O)CC(=O)OCC1OC(Oc2c(-c3ccc(OC)c(OC)c3)oc3c(OC)c(OC)c(OC)c(OC)c3c2=O)C(O)C(O)C1O,C34H42O18,,,739.243161879911,P,[M+H]+,,558,49.0,False,False,False,0.02040816326530612,COCOc1c(C)c(C)cc2c1C1C3C4SCC(N5C(=O)c6ccccc6C5=O)C(=O)OCC(c5c6c(c(C)c(O)c54)OCO6)N3C(C#N)C(C2)N1C,CASMI_MOL_268419,C39H38N4O9S,0.20050758141417985,0.09722222222222222,False,
CASMI2022,52,52,FragAnnotor,completed,formal_fixed_component_score_mode,CASMI_MOL_1196843,C=CC1C(OC2OC(CO)C(O)C(O)C2OC(=O)c2cccc(O)c2)OC=C2C(=O)OCCC21,C23H26O11,,,501.136066103961,P,[M+Na]+,,2001,1.0,True,True,True,1.0,C=CC1C(OC2OC(CO)C(O)C(O)C2OC(=O)c2cccc(O)c2)OC=C2C(=O)OCCC21,CASMI_MOL_1196843,C23H26O11,0.8475601125755758,1.0,True,
CASMI2022,53,53,FragAnnotor,completed,formal_fixed_component_score_mode,CASMI_MOL_1196844,C=CCNCC=C,C6H11N,,,98.096313476563,P,[M+H]+,,1206,1.0,True,True,True,1.0,C=CCNCC=C,CASMI_MOL_1196844,C6H11N,0.8566664352376845,1.0,True,
CASMI2022,54,54,FragAnnotor,completed,formal_fixed_component_score_mode,CASMI_MOL_1196845,O=C1Nc2ccccc2C1=Cc1c[nH]cn1,C12H9N3O,,,212.081565615679,P,[M+H]+,,2001,1.0,True,True,True,1.0,O=C1Nc2ccccc2C1=Cc1c[nH]cn1,CASMI_MOL_1196845,C12H9N3O,0.893198271804753,1.0,True,
CASMI2022,55,55,FragAnnotor,completed,formal_fixed_component_score_mode,CASMI_MOL_1196846,CC=C(C)C(=O)OC1CC(C)C2(C)C=C3C(C)C(=O)OC3(O)CC2C1,C20H28O5,,,349.200553291463,P,[M+H]+,,2001,1.0,True,True,True,1.0,CC=C(C)C(=O)OC1CC(C)C2(C)C=C3C(C)C(=O)OC3(O)CC2C1,CASMI_MOL_1196846,C20H28O5,0.8482113180156711,1.0,True,
CASMI2022,56,56,FragAnnotor,completed,formal_fixed_component_score_mode,CASMI_MOL_1196828,CC1=C(C(=O)O)CC2(C)CCC3C(O)(CO)CCC132,C15H22O4,,,267.158989552775,P,[M+H]+,,2001,1.0,True,True,True,1.0,CC1=C(C(=O)O)CC2(C)CCC3C(O)(CO)CCC132,CASMI_MOL_1196828,C15H22O4,0.8523986317587714,1.0,True,
CASMI2022,57,57,FragAnnotor,completed,formal_fixed_component_score_mode,CASMI_MOL_1196848,CC(C)CCCCCCC(O)CC(=O)NC(CC(=O)O)C(N)=O,C16H30N2O5,,,353.204153669958,P,[M+Na]+,,2001,1.0,True,True,True,1.0,CC(C)CCCCCCC(O)CC(=O)NC(CC(=O)O)C(N)=O,CASMI_MOL_1196848,C16H30N2O5,0.8694021455165862,1.0,True,
CASMI2022,58,58,FragAnnotor,completed,formal_fixed_component_score_mode,CASMI_MOL_1196849,CC1CC(C)C(=O)C1=O,C7H10O2,,,127.075180638479,P,[M+H]+,,2001,1.0,True,True,True,1.0,CC1CC(C)C(=O)C1=O,CASMI_MOL_1196849,C7H10O2,0.8967468973315127,1.0,True,
CASMI2022,59,59,FragAnnotor,completed,formal_fixed_component_score_mode,CASMI_MOL_1196850,CCCCCCCCCCCCCC(N)=O,C14H29NO,,,228.231926090935,P,[M+H]+,,2001,1.0,True,True,True,1.0,CCCCCCCCCCCCCC(N)=O,CASMI_MOL_1196850,C14H29NO,0.848137222877307,1.0,True,
CASMI2022,60,60,FragAnnotor,completed,formal_fixed_component_score_mode,CASMI_MOL_1196851,CC(=CC(=O)O)CCC1(C)C(C)CCC2(C)C(C)=C(C=O)CC21,C20H30O3,,,319.226352058803,P,[M+H]+,,2001,1.0,True,True,True,1.0,CC(=CC(=O)O)CCC1(C)C(C)CCC2(C)C(C)=C(C=O)CC21,CASMI_MOL_1196851,C20H30O3,0.847618867061982,1.0,True,
CASMI2022,61,61,FragAnnotor,completed,formal_fixed_component_score_mode,CASMI_MOL_1196853,CCCCCc1cc2cc(O)cc(Oc3c(O)cc(OC)c(C(=O)O)c3CCCCC)c2c(=O)o1,C27H32O8,,,485.216505310484,P,[M+H]+,,2001,1.0,True,True,True,1.0,CCCCCc1cc2cc(O)cc(Oc3c(O)cc(OC)c(C(=O)O)c3CCCCC)c2c(=O)o1,CASMI_MOL_1196853,C27H32O8,0.8524015789218881,1.0,True,
CASMI2022,62,62,FragAnnotor,completed,formal_fixed_component_score_mode,CASMI_MOL_1196854,COc1cc(C2OCC(C(O)c3ccc(OC4OC(CO)C(O)C(O)C4O)c(OC)c3)C2COC(C)=O)ccc1O,C28H36O13,,,603.204086075698,P,[M+Na]+,,2001,1.0,True,True,True,1.0,COc1cc(C2OCC(C(O)c3ccc(OC4OC(CO)C(O)C(O)C4O)c(OC)c3)C2COC(C)=O)ccc1O,CASMI_MOL_1196854,C28H36O13,0.8479990307729541,1.0,True,
CASMI2022,63,63,FragAnnotor,completed,formal_fixed_component_score_mode,CASMI_MOL_1196855,Nc1ccn(C2OC(CO)C(O)C2F)c(=O)n1,C9H12FN3O4,,,268.070158812618,P,[M+Na]+,,2001,1.0,True,True,True,1.0,Nc1ccn(C2OC(CO)C(O)C2F)c(=O)n1,CASMI_MOL_1196855,C9H12FN3O4,0.9261250841646426,1.0,True,
CASMI2022,64,64,FragAnnotor,completed,formal_fixed_component_score_mode,CASMI_MOL_1196856,CC(=O)OC1C(C)OC(Oc2c(-c3ccc(O)cc3)oc3c(CC=C(C)C)c(OC4OC(CO)C(O)C(O)C4O)cc(O)c3c2=O)C(O)C1O,C34H40O16,,,705.237865088362,P,[M+H]+,,817,1.0,True,True,True,1.0,CC(=O)OC1C(C)OC(Oc2c(-c3ccc(O)cc3)oc3c(CC=C(C)C)c(OC4OC(CO)C(O)C(O)C4O)cc(O)c3c2=O)C(O)C1O,CASMI_MOL_1196856,C34H40O16,0.8469656852238016,1.0,True,
CASMI2022,65,65,FragAnnotor,completed,formal_fixed_component_score_mode,CASMI_MOL_1196857,C=C1CCC2C(=CC(C(=O)O)CCC1=O)C2(C)C,C15H20O3,,,249.148315429688,P,[M+H]+,,2001,1.0,True,True,True,1.0,C=C1CCC2C(=CC(C(=O)O)CCC1=O)C2(C)C,CASMI_MOL_1196857,C15H20O3,0.6932993682909163,1.0,True,
CASMI2022,66,66,FragAnnotor,completed,formal_fixed_component_score_mode,CASMI_MOL_1196858,COc1cc(-c2oc3c(OC)c(O)c(OC)c(O)c3c(=O)c2OC2OC(CO)C(O)C(O)C2O)ccc1O,C24H26O14,,,561.120702014163,P,[M+Na]+,,2001,1.0,True,True,True,1.0,COc1cc(-c2oc3c(OC)c(O)c(OC)c(O)c3c(=O)c2OC2OC(CO)C(O)C(O)C2O)ccc1O,CASMI_MOL_1196858,C24H26O14,0.8473734020185135,1.0,True,
CASMI2022,67,67,FragAnnotor,completed,formal_fixed_component_score_mode,CASMI_MOL_1196859,CCC(C)C1NC(=O)C(O)(C2=Cc3c(oc(C)c(C)c3=O)C(C)(CC)C2=O)C1=O,C22H27NO6,,,424.172282644071,P,[M+Na]+,,2001,3.0,False,True,True,0.3333333333333333,CC(C)(C)OC(=O)COCCOCCn1cc(C(CC(=N)Cl)C(=N)N)cn1,CASMI_MOL_348694,C17H28ClN5O4,0.8627537410296073,0.07142857142857142,False,
CASMI2022,68,68,FragAnnotor,completed,formal_fixed_component_score_mode,CASMI_MOL_1196860,NCC1CCCCC1,C7H15N,,,114.127519082222,P,[M+H]+,,1511,1.0,True,True,True,1.0,NCC1CCCCC1,CASMI_MOL_1196860,C7H15N,0.9014748632899275,1.0,True,
CASMI2022,69,69,FragAnnotor,completed,formal_fixed_component_score_mode,CASMI_MOL_1196861,O=C(O)CCCCCCCCCCN1C(=O)C=CC1=O,C15H23NO4,,,282.169477178943,P,[M+H]+,,2001,1.0,True,True,True,1.0,O=C(O)CCCCCCCCCCN1C(=O)C=CC1=O,CASMI_MOL_1196861,C15H23NO4,0.8472971220603221,1.0,True,
CASMI2022,70,70,FragAnnotor,completed,formal_fixed_component_score_mode,CASMI_MOL_1196862,CC(C)c1cc2c(cc1O)C1(C(=O)O)CCCC(C)(C)C1CC2=O,C20H26O4,,,331.189924191026,P,[M+H]+,,2001,1.0,True,True,True,1.0,CC(C)c1cc2c(cc1O)C1(C(=O)O)CCCC(C)(C)C1CC2=O,CASMI_MOL_1196862,C20H26O4,0.8489191082603312,1.0,True,
CASMI2022,71,71,FragAnnotor,completed,formal_fixed_component_score_mode,CASMI_MOL_1196863,CC1CC(=O)C(C(C)C)CC1=O,C10H16O2,,,169.12214356171,P,[M+H]+,,2001,1.0,True,True,True,1.0,CC1CC(=O)C(C(C)C)CC1=O,CASMI_MOL_1196863,C10H16O2,0.8737434726341253,1.0,True,
CASMI2022,72,72,FragAnnotor,completed,formal_fixed_component_score_mode,CASMI_MOL_1196864,CC1=C(C)C2C(Cc3c[nH]c4ccccc34)NC(=O)C23C(=O)C2OC2C(O)CC(C)CC=CC3C1O,C29H34N2O5,,,513.235635179633,P,[M+Na]+,,2001,1.0,True,True,True,1.0,CC1=C(C)C2C(Cc3c[nH]c4ccccc34)NC(=O)C23C(=O)C2OC2C(O)CC(C)CC=CC3C1O,CASMI_MOL_1196864,C29H34N2O5,0.8593922477555984,1.0,True,
CASMI2022,73,73,FragAnnotor,completed,formal_fixed_component_score_mode,CASMI_MOL_1196865,CC(C)(O)C1CCC2(C)C(O)CCC(C)(O)C2C1,C15H28O3,,,279.19292316249,P,[M+Na]+,,2001,1.0,True,True,True,1.0,CC(C)(O)C1CCC2(C)C(O)CCC(C)(O)C2C1,CASMI_MOL_1196865,C15H28O3,0.8525618379766314,1.0,True,
CASMI2022,74,74,FragAnnotor,completed,formal_fixed_component_score_mode,CASMI_MOL_1196866,CCC(C)C(CC)C(N)=O,C8H17NO,,,144.138018811886,P,[M+H]+,,2001,1.0,True,True,True,1.0,CCC(C)C(CC)C(N)=O,CASMI_MOL_1196866,C8H17NO,0.8494021458096402,1.0,True,
CASMI2022,75,75,FragAnnotor,completed,formal_fixed_component_score_mode,CASMI_MOL_1196867,COC(=O)c1csc(C(=O)c2c[nH]c3ccccc23)n1,C14H10N2O3S,,,287.048180621777,P,[M+H]+,,2001,1.0,True,True,True,1.0,COC(=O)c1csc(C(=O)c2c[nH]c3ccccc23)n1,CASMI_MOL_1196867,C14H10N2O3S,0.8483948565140598,1.0,True,
CASMI2022,76,76,FragAnnotor,completed,formal_fixed_component_score_mode,CASMI_MOL_1196812,CC(C)=CCCC(C)=CCCC1=CCC(C(C)=CCO)OC1,C20H32O2,,,305.247069182952,P,[M+H]+,,2001,1916.0,False,False,False,0.0005219206680584551,CCCCCCCCCCCc1ccc(C(=O)OC)cc1C,CASMI_MOL_112477,C20H32O2,0.8471664340314441,0.08571428571428572,True,
CASMI2022,77,77,FragAnnotor,completed,formal_fixed_component_score_mode,CASMI_MOL_1196868,CC1=C2CC(C(C)(C)OC3OC(CO)C(O)C(O)C3O)CCC2(C)CCC1=O,C21H34O7,,,399.237181334685,P,[M+H]+,,2001,1.0,True,True,True,1.0,CC1=C2CC(C(C)(C)OC3OC(CO)C(O)C(O)C3O)CCC2(C)CCC1=O,CASMI_MOL_1196868,C21H34O7,0.8473949416686029,1.0,True,
CASMI2022,78,78,FragAnnotor,completed,formal_fixed_component_score_mode,CASMI_MOL_1196869,CCCNC(N)=O,C4H10N2O,,,103.086471920208,P,[M+H]+,,787,1.0,True,True,True,1.0,CCCNC(N)=O,CASMI_MOL_1196869,C4H10N2O,0.8722649963954817,1.0,True,
CASMI2022,79,79,FragAnnotor,completed,formal_fixed_component_score_mode,CASMI_MOL_1196870,C=c1cc(O)[nH]c1=CC=C(C)CC=CC(CCC=C(C)C)C(=O)O,C20H27NO3,,,330.205834046795,P,[M+H]+,,2001,1.0,True,True,True,1.0,C=c1cc(O)[nH]c1=CC=C(C)CC=CC(CCC=C(C)C)C(=O)O,CASMI_MOL_1196870,C20H27NO3,0.8463716742218768,1.0,True,
CASMI2022,80,80,FragAnnotor,completed,formal_fixed_component_score_mode,CASMI_MOL_1196871,CC(=O)OC1C(=O)C=C(C)C2C=c3c(C)c(O)oc3=CC21C,C17H18O5,,,303.122479714061,P,[M+H]+,,2001,1.0,True,True,True,1.0,CC(=O)OC1C(=O)C=C(C)C2C=c3c(C)c(O)oc3=CC21C,CASMI_MOL_1196871,C17H18O5,0.8626969591247354,1.0,True,
CASMI2022,81,81,FragAnnotor,completed,formal_fixed_component_score_mode,CASMI_MOL_1196872,CC(=CCCC=C(C)CCC1OC(C(C)(C)OC2OC(CO)C(O)C(O)C2O)CCC1(C)O)CCC1OC(C(C)(C)O)CCC1(C)O,C36H64O11,,,695.433174080825,P,[M+Na]+,,276,36.0,False,False,False,0.027777777777777776,COCC(C)(C)c1cc(C(C)(C)C)cc(C(C)(C)COC)c1P=Pc1c(C(C)(C)COC)cc(C(C)(C)C)cc1C(C)(C)COC,CASMI_MOL_431454,C40H66O4P2,0.1997083833606507,0.06329113924050633,False,
CASMI2022,82,82,FragAnnotor,completed,formal_fixed_component_score_mode,CASMI_MOL_1196873,O=C1CCN(C2CC2)CC1,C8H13NO,,,140.106780463631,P,[M+H]+,,2001,1.0,True,True,True,1.0,O=C1CCN(C2CC2)CC1,CASMI_MOL_1196873,C8H13NO,0.8711490168670882,1.0,True,
CASMI2022,83,83,FragAnnotor,completed,formal_fixed_component_score_mode,CASMI_MOL_1196874,CCCCC=CCC(C(=O)O)C(C)C(=O)O,C12H20O4,,,229.143216539695,P,[M+H]+,,2001,1.0,True,True,True,1.0,CCCCC=CCC(C(=O)O)C(C)C(=O)O,CASMI_MOL_1196874,C12H20O4,0.8543044423834414,1.0,True,
CASMI2022,84,84,FragAnnotor,completed,formal_fixed_component_score_mode,CASMI_MOL_1196852,CC1(C)C(=O)C=CC2(C)C3CCC4CC3(CCC12)CC4(O)CO,C20H30O3,,,319.226464781691,P,[M+H]+,,2001,1.0,True,True,True,1.0,CC1(C)C(=O)C=CC2(C)C3CCC4CC3(CCC12)CC4(O)CO,CASMI_MOL_1196852,C20H30O3,0.86195475182609,1.0,True,
CASMI2022,85,85,FragAnnotor,completed,formal_fixed_component_score_mode,CASMI_MOL_1196834,CC(C)=CCCC(=CCCC(C)=CC1C(=O)CC(C)C1=O)C(=O)O,C20H28O4,,,355.1875765972,P,[M+Na]+,,2001,1.0,True,True,True,1.0,CC(C)=CCCC(=CCCC(C)=CC1C(=O)CC(C)C1=O)C(=O)O,CASMI_MOL_1196834,C20H28O4,0.8099036284018228,1.0,True,
CASMI2022,86,86,FragAnnotor,completed,formal_fixed_component_score_mode,CASMI_MOL_1196875,CC1(CO)C(=O)CCC2(C)C3CC4CCC3(CCC12)CC4(O)CO,C20H32O4,,,359.218938552257,P,[M+Na]+,,2001,1.0,True,True,True,1.0,CC1(CO)C(=O)CCC2(C)C3CC4CCC3(CCC12)CC4(O)CO,CASMI_MOL_1196875,C20H32O4,0.8487475149272656,1.0,True,
CASMI2022,87,87,FragAnnotor,completed,formal_fixed_component_score_mode,CASMI_MOL_1196876,COc1ccc2[nH]ccc2c1,C9H9NO,,,148.075452106098,P,[M+H]+,,2001,1.0,True,True,True,1.0,COc1ccc2[nH]ccc2c1,CASMI_MOL_1196876,C9H9NO,0.8526967843697071,1.0,True,
CASMI2022,88,88,FragAnnotor,completed,formal_fixed_component_score_mode,CASMI_MOL_1196877,Cn1cncc1C(N)(c1ccc(Cl)cc1)c1ccc2c(c1)c(-c1cccc(Cl)c1)cc(=O)n2C,C27H22Cl2N4O,,,489.123474121094,P,[M+H]+,,2001,246.0,False,False,False,0.0040650406504065045,NN=C(C=Nc1ccc(C(=O)O)c(O)c1)c1cncc(-c2cn(-c3ccc(C(=O)O)c(O)c3)nn2)n1,CASMI_MOL_456110,C22H16N8O6,0.8017886474902486,0.09900990099009901,False,
CASMI2022,89,89,FragAnnotor,completed,formal_fixed_component_score_mode,CASMI_MOL_1196805,CC1C=CC2=C(OC(C(C)CO)C2(C)C)C1C=O,C15H22O3,,,251.163883088621,P,[M+H]+,,2001,1.0,True,True,True,1.0,CC1C=CC2=C(OC(C(C)CO)C2(C)C)C1C=O,CASMI_MOL_1196805,C15H22O3,0.8734228670026306,1.0,True,
CASMI2022,90,90,FragAnnotor,completed,formal_fixed_component_score_mode,CASMI_MOL_1196878,CCC(C)C1C(CO)=CC2CC(C)CC(C)C2C1(C)C(=O)CCO,C21H36O3,,,337.273519236211,P,[M+H]+,,1959,1.0,True,True,True,1.0,CCC(C)C1C(CO)=CC2CC(C)CC(C)C2C1(C)C(=O)CCO,CASMI_MOL_1196878,C21H36O3,0.8495011897615667,1.0,True,
CASMI2022,91,91,FragAnnotor,completed,formal_fixed_component_score_mode,CASMI_MOL_1196847,CC(C)=CCCC1=CCCC(C)(C(O)C(O)c2occc2C)OC1=O,C20H28O5,,,371.182586369526,P,[M+Na]+,,2001,1.0,True,True,True,1.0,CC(C)=CCCC1=CCCC(C)(C(O)C(O)c2occc2C)OC1=O,CASMI_MOL_1196847,C20H28O5,0.8756270399441543,1.0,True,
CASMI2022,92,92,FragAnnotor,completed,formal_fixed_component_score_mode,CASMI_MOL_1196880,C=CC(C)(CCC=C(CO)CCC=C(C)CC(=O)CC(C)C(=O)OC)OC1OC(CO)C(O)C(O)C1O,C27H44O10,,,551.281937260959,P,[M+Na]+,,1729,1.0,True,True,True,1.0,C=CC(C)(CCC=C(CO)CCC=C(C)CC(=O)CC(C)C(=O)OC)OC1OC(CO)C(O)C(O)C1O,CASMI_MOL_1196880,C27H44O10,0.8475724348128437,1.0,True,
CASMI2022,93,93,FragAnnotor,completed,formal_fixed_component_score_mode,CASMI_MOL_1196881,Cc1ccccc1NC(=O)c1cc2ccccc2cc1O,C18H15NO2,,,278.117219218254,P,[M+H]+,,2001,1.0,True,True,True,1.0,Cc1ccccc1NC(=O)c1cc2ccccc2cc1O,CASMI_MOL_1196881,C18H15NO2,0.8479833623038833,1.0,True,
CASMI2022,94,94,FragAnnotor,completed,formal_fixed_component_score_mode,CASMI_MOL_1196882,CCCCCCCCCCCCCOC(=O)c1ccccc1C(=O)OCCCCCCCCCCCCC,C34H58O4,,,531.4400905022,P,[M+H]+,,347,1.0,True,True,True,1.0,CCCCCCCCCCCCCOC(=O)c1ccccc1C(=O)OCCCCCCCCCCCCC,CASMI_MOL_1196882,C34H58O4,0.8119318756800185,1.0,True,
CASMI2022,95,95,FragAnnotor,completed,formal_fixed_component_score_mode,CASMI_MOL_1196883,CC(=O)OC1CC2C(CCC3=CC(OC4OC(C)C(O)C(O)C4O)CCC32C)C2(O)CCC(c3ccc(=O)oc3)C12C,C32H44O10,,,589.299949560662,P,[M+H]+,,1877,1.0,True,True,True,1.0,CC(=O)OC1CC2C(CCC3=CC(OC4OC(C)C(O)C(O)C4O)CCC32C)C2(O)CCC(c3ccc(=O)oc3)C12C,CASMI_MOL_1196883,C32H44O10,0.8476151697735113,1.0,True,
CASMI2022,96,96,FragAnnotor,completed,formal_fixed_component_score_mode,CASMI_MOL_1196884,CC(=O)OCC1(O)CC23CCC4C(C)(COC(C)=O)C(=O)CCC4(C)C2CCC1C3,C24H36O6,,,421.2579102945,P,[M+H]+,,2001,1.0,True,True,True,1.0,CC(=O)OCC1(O)CC23CCC4C(C)(COC(C)=O)C(=O)CCC4(C)C2CCC1C3,CASMI_MOL_1196884,C24H36O6,0.8476032651545224,1.0,True,
CASMI2022,97,97,FragAnnotor,completed,formal_fixed_component_score_mode,CASMI_MOL_1196885,CC1(CCOC2OC(CO)C(O)C(O)C2O)CCC2C(OC(=O)CC3C(C)(C(=O)O)CCCC23C)C1O,C26H42O11,,,553.261576373118,P,[M+Na]+,,2001,1.0,True,True,True,1.0,CC1(CCOC2OC(CO)C(O)C(O)C2O)CCC2C(OC(=O)CC3C(C)(C(=O)O)CCCC23C)C1O,CASMI_MOL_1196885,C26H42O11,0.8594869298292139,1.0,True,
CASMI2022,98,98,FragAnnotor,completed,formal_fixed_component_score_mode,CASMI_MOL_1196886,CCOc1ccc(-c2nc3cc(-c4nc5cc(N6CCN(C)CC6)ccc5[nH]4)ccc3[nH]2)cc1,C27H28N6O,,,453.238635252155,P,[M+H]+,,2001,1844.0,False,False,False,0.0005422993492407809,C=C(C)C(=C)Oc1ccc(-c2ccc(-c3ccc(CCCOC(=O)C(=C)C)cc3)cc2C)cc1,CASMI_MOL_486666,C31H32O3,0.7731907044991256,0.14457831325301204,False,
CASMI2022,99,99,FragAnnotor,completed,formal_fixed_component_score_mode,CASMI_MOL_1196887,Oc1ccc(C=C2c3cc(O)cc(O)c3C(c3ccc(O)cc3)C2c2cc(O)cc(O)c2)cc1,C28H22O6,,,455.1485326536,P,[M+H]+,,2001,1.0,True,True,True,1.0,Oc1ccc(C=C2c3cc(O)cc(O)c3C(c3ccc(O)cc3)C2c2cc(O)cc(O)c2)cc1,CASMI_MOL_1196887,C28H22O6,0.8490228320192683,1.0,True,
CASMI2022,100,100,FragAnnotor,completed,formal_fixed_component_score_mode,CASMI_MOL_1196888,CC(O)CCCC=CCC=CC(O)C(O)CCCCCC(=O)O,C18H32O5,,,329.231892370686,P,[M+H]+,,2001,1.0,True,True,True,1.0,CC(O)CCCC=CCC=CC(O)C(O)CCCCCC(=O)O,CASMI_MOL_1196888,C18H32O5,0.8483626509554255,1.0,True,
CASMI2022,101,101,FragAnnotor,completed,formal_fixed_component_score_mode,CASMI_MOL_1196890,CCC1(C)C(=O)C=C2C(=COC(C(=O)O)=C2C)C1O,C14H16O5,,,265.106995360766,P,[M+H]+,,2001,1.0,True,True,True,1.0,CCC1(C)C(=O)C=C2C(=COC(C(=O)O)=C2C)C1O,CASMI_MOL_1196890,C14H16O5,0.8786754916343642,1.0,True,
CASMI2022,102,102,FragAnnotor,completed,formal_fixed_component_score_mode,CASMI_MOL_1196891,CCCCOC(=O)CC(CC(=O)OCCCC)(OC(C)=O)C(=O)OCCCC,C20H34O8,,,403.232045400965,P,[M+H]+,,2001,1.0,True,True,True,1.0,CCCCOC(=O)CC(CC(=O)OCCCC)(OC(C)=O)C(=O)OCCCC,CASMI_MOL_1196891,C20H34O8,0.8469573112952411,1.0,True,
CASMI2022,103,103,FragAnnotor,completed,formal_fixed_component_score_mode,CASMI_MOL_1196892,CC(=O)OC(C)(C)C1OC23OC1CC(C)C2C1(C)CCC24CC25CCC(OC2OCC(O)C(O)C2O)C(C)(C)C5CCC4C1(C)C3O,C37H58O10,,,685.391173042312,P,[M+Na]+,,678,1.0,True,True,True,1.0,CC(=O)OC(C)(C)C1OC23OC1CC(C)C2C1(C)CCC24CC25CCC(OC2OCC(O)C(O)C2O)C(C)(C)C5CCC4C1(C)C3O,CASMI_MOL_1196892,C37H58O10,0.92291427193688,1.0,True,
CASMI2022,104,104,FragAnnotor,completed,formal_fixed_component_score_mode,CASMI_MOL_1196893,NC(=O)C1CCCc2c1[nH]c1ccc(Cl)cc21,C13H13ClN2O,,,249.078750610352,P,[M+H]+,,2001,1.0,True,True,True,1.0,NC(=O)C1CCCc2c1[nH]c1ccc(Cl)cc21,CASMI_MOL_1196893,C13H13ClN2O,0.8493797094263493,1.0,True,
CASMI2022,105,105,FragAnnotor,completed,formal_fixed_component_score_mode,CASMI_MOL_1196894,COc1c(CC=C(C)CCC=C(C)CCO)c(O)c2c(O)occ2c1C,C21H28O5,,,361.200375071837,P,[M+H]+,,2001,1.0,True,True,True,1.0,COc1c(CC=C(C)CCC=C(C)CCO)c(O)c2c(O)occ2c1C,CASMI_MOL_1196894,C21H28O5,0.8465063267219034,1.0,True,
CASMI2022,106,106,FragAnnotor,completed,formal_fixed_component_score_mode,CASMI_MOL_1196895,COC(=O)C(NC(=O)c1cccc(NC=O)c1O)C(C)O,C13H16N2O6,,,297.107910928399,P,[M+H]+,,2001,1.0,True,True,True,1.0,COC(=O)C(NC(=O)c1cccc(NC=O)c1O)C(C)O,CASMI_MOL_1196895,C13H16N2O6,0.8570900994157148,1.0,True,
CASMI2022,107,107,FragAnnotor,completed,formal_fixed_component_score_mode,CASMI_MOL_1196896,Cc1c(O)oc2c1C=C1CCC3C(C)(C)C(O)CCC3(C)C1C2,C20H28O3,,,317.210886689853,P,[M+H]+,,2001,1.0,True,True,True,1.0,Cc1c(O)oc2c1C=C1CCC3C(C)(C)C(O)CCC3(C)C1C2,CASMI_MOL_1196896,C20H28O3,0.8549849081990722,1.0,True,
CASMI2022,108,108,FragAnnotor,completed,formal_fixed_component_score_mode,CASMI_MOL_1196899,CC(C)CC1NC(=O)C2CCCN2C1=O,C11H18N2O2,,,211.143956950586,P,[M+H]+,,2001,1.0,True,True,True,1.0,CC(C)CC1NC(=O)C2CCCN2C1=O,CASMI_MOL_1196899,C11H18N2O2,0.8703724600753193,1.0,True,
CASMI2022,109,109,FragAnnotor,completed,formal_fixed_component_score_mode,CASMI_MOL_1196900,O=c1c(O)c(-c2c(O)cccc2OC2OC(CO)C(O)C(O)C2O)oc2cc(O)cc(O)c12,C21H20O12,,,465.102494314505,P,[M+H]+,,2001,1.0,True,True,True,1.0,O=c1c(O)c(-c2c(O)cccc2OC2OC(CO)C(O)C(O)C2O)oc2cc(O)cc(O)c12,CASMI_MOL_1196900,C21H20O12,0.8495723149954779,1.0,True,
CASMI2022,110,110,FragAnnotor,completed,formal_fixed_component_score_mode,CASMI_MOL_1196901,CC(=O)OC(C)(C)C1OC23OC1CC(C)C2C1(C)C(O)CC24CC25CCC(O)C(C)(C)C5CCC4C1(C)C3O,C32H50O7,,,569.344143925056,P,[M+Na]+,,824,1.0,True,True,True,1.0,CC(=O)OC(C)(C)C1OC23OC1CC(C)C2C1(C)C(O)CC24CC25CCC(O)C(C)(C)C5CCC4C1(C)C3O,CASMI_MOL_1196901,C32H50O7,0.9217815363941089,1.0,True,
CASMI2022,111,111,FragAnnotor,completed,formal_fixed_component_score_mode,CASMI_MOL_1196902,O=C(O)CNC(=O)C1CCCN1,C7H12N2O3,,,173.091842651367,P,[M+H]+,,2001,1.0,True,True,True,1.0,O=C(O)CNC(=O)C1CCCN1,CASMI_MOL_1196902,C7H12N2O3,0.8488275563820712,1.0,True,
CASMI2022,112,112,FragAnnotor,completed,formal_fixed_component_score_mode,CASMI_MOL_1196903,COc1cc(O)c(CCc2cccc(O)c2)cc1OC,C16H18O4,,,275.127474208511,P,[M+H]+,,2001,1.0,True,True,True,1.0,COc1cc(O)c(CCc2cccc(O)c2)cc1OC,CASMI_MOL_1196903,C16H18O4,0.8509503484140644,1.0,True,
CASMI2022,113,113,FragAnnotor,completed,formal_fixed_component_score_mode,CASMI_MOL_1196905,CCCCC(O)CC=CCC=CCCCC(=O)NC(CCC(=O)O)C(=O)O,C20H33NO6,,,384.237576499794,P,[M+H]+,,2001,1.0,True,True,True,1.0,CCCCC(O)CC=CCC=CCCCC(=O)NC(CCC(=O)O)C(=O)O,CASMI_MOL_1196905,C20H33NO6,0.8477744426973526,1.0,True,
CASMI2022,114,114,FragAnnotor,completed,formal_fixed_component_score_mode,CASMI_MOL_1196906,CC1OC(OC2C(Oc3c(-c4ccc(O)c(O)c4)oc4cc(OC5OC(CO)C(O)C(O)C5O)cc(O)c4c3=O)OC(CO)C(O)C2O)C(O)C(O)C1O,C33H40O21,,,773.212341308594,P,[M+H]+,,689,28.0,False,False,False,0.03571428571428571,COC(=O)CN(CC(=O)OC)c1ccc(C)cc1OCCOc1cc2cc(-c3ccc(C=C(C#N)C#N)s3)c(=O)oc2cc1N(CC(=O)OC)CC(=O)OC,CASMI_MOL_593314,C38H36N4O12S,0.199998970163435,0.10655737704918032,False,
CASMI2022,115,115,FragAnnotor,completed,formal_fixed_component_score_mode,CASMI_MOL_1196907,CC1CC2OC3(OC(C)(C)C2O)C1C1(C)CCC24CC25CCC(=O)C(C)(C)C5CCC4C1(C)C3O,C30H46O5,,,487.341135509272,P,[M+H]+,,1876,1.0,True,True,True,1.0,CC1CC2OC3(OC(C)(C)C2O)C1C1(C)CCC24CC25CCC(=O)C(C)(C)C5CCC4C1(C)C3O,CASMI_MOL_1196907,C30H46O5,0.8474264212493944,1.0,True,
CASMI2022,116,116,FragAnnotor,completed,formal_fixed_component_score_mode,CASMI_MOL_1196909,CCc1nccc2c1[nH]c1cc(OC)ccc12,C14H14N2O,,,227.117682198429,P,[M+H]+,,2001,1.0,True,True,True,1.0,CCc1nccc2c1[nH]c1cc(OC)ccc12,CASMI_MOL_1196909,C14H14N2O,0.8554811107763196,1.0,True,
CASMI2022,117,117,FragAnnotor,completed,formal_fixed_component_score_mode,CASMI_MOL_1196910,COc1c2occc2c(OCC=C(C)CCC=C(C)C)c2ccc(=O)oc12,C22H24O5,,,391.151150234014,P,[M+Na]+,,2001,1.0,True,True,True,1.0,COc1c2occc2c(OCC=C(C)CCC=C(C)C)c2ccc(=O)oc12,CASMI_MOL_1196910,C22H24O5,0.8482157178917348,1.0,True,
CASMI2022,118,118,FragAnnotor,completed,formal_fixed_component_score_mode,CASMI_MOL_1196911,CC(C)=CCCC(=CCCC(C)=CCCC(C)=CCO)C(=O)O,C20H32O3,,,343.223900602643,P,[M+Na]+,,2001,166.0,False,False,False,0.006024096385542169,CCN(CCNC(=O)c1nnn(C2CCNCC2)c1C)C1CC1,CASMI_MOL_613893,C16H28N6O,0.8112948542810656,0.08450704225352113,False,
CASMI2022,119,119,FragAnnotor,completed,formal_fixed_component_score_mode,CASMI_MOL_1196912,Cc1ccc(N=Nc2c(O)ccc3ccccc23)c(C)c1,C18H16N2O,,,277.133189720886,P,[M+H]+,,2001,684.0,False,False,False,0.0014619883040935672,CCOC(=O)c1nn(Cc2ccc(C)cc2F)cc1C,CASMI_MOL_619997,C15H17FN2O2,0.8375077050442569,0.16666666666666666,False,
CASMI2022,120,120,FragAnnotor,completed,formal_fixed_component_score_mode,CASMI_MOL_1196913,Cc1c(O)oc2c1CC1(C)C(C)CCCC1C2,C15H22O2,,,235.16901312256,P,[M+H]+,,2001,1.0,True,True,True,1.0,Cc1c(O)oc2c1CC1(C)C(C)CCCC1C2,CASMI_MOL_1196913,C15H22O2,0.8580639543504125,1.0,True,
CASMI2022,121,121,FragAnnotor,completed,formal_fixed_component_score_mode,CASMI_MOL_1196918,COc1cc(C=CCCCCC(O)CC(=O)O)oc(=O)c1C,C16H22O6,,,311.148594834163,P,[M+H]+,,2001,1.0,True,True,True,1.0,COc1cc(C=CCCCCC(O)CC(=O)O)oc(=O)c1C,CASMI_MOL_1196918,C16H22O6,0.8485358109944652,1.0,True,
CASMI2022,122,122,FragAnnotor,completed,formal_fixed_component_score_mode,CASMI_MOL_1196919,CC1CCC2C(C)(C)C(O)CCC2(C)C12Cc1c(O)cc3cn(C(CCC(=O)O)C(=O)O)c(O)c3c1O2,C28H37NO8,,,516.258822820097,P,[M+H]+,,2001,1.0,True,True,True,1.0,CC1CCC2C(C)(C)C(O)CCC2(C)C12Cc1c(O)cc3cn(C(CCC(=O)O)C(=O)O)c(O)c3c1O2,CASMI_MOL_1196919,C28H37NO8,0.8492847887338579,1.0,True,
CASMI2022,123,123,FragAnnotor,completed,formal_fixed_component_score_mode,CASMI_MOL_1196920,COC(=O)c1cc(O)cc2oc3cccc(O)c3c(=O)c12,C15H10O6,,,287.05477511929,P,[M+H]+,,2001,1.0,True,True,True,1.0,COC(=O)c1cc(O)cc2oc3cccc(O)c3c(=O)c12,CASMI_MOL_1196920,C15H10O6,0.8490364129516506,1.0,True,
CASMI2022,124,124,FragAnnotor,completed,formal_fixed_component_score_mode,CASMI_MOL_1196921,COc1ccc(CC2C(=O)OCC2Cc2ccc(OC3OC(CO)C(O)C(O)C3O)c(OC)c2)cc1OC,C27H34O11,,,557.1986375529,P,[M+Na]+,,2001,1.0,True,True,True,1.0,COc1ccc(CC2C(=O)OCC2Cc2ccc(OC3OC(CO)C(O)C(O)C3O)c(OC)c2)cc1OC,CASMI_MOL_1196921,C27H34O11,0.8478504478342684,1.0,True,
CASMI2022,125,125,FragAnnotor,completed,formal_fixed_component_score_mode,CASMI_MOL_1196922,CC(O)(CO)CCCC(C)(O)c1ccc(C(=O)O)cc1O,C15H22O6,,,321.130456878152,P,[M+Na]+,,2001,1.0,True,True,True,1.0,CC(O)(CO)CCCC(C)(O)c1ccc(C(=O)O)cc1O,CASMI_MOL_1196922,C15H22O6,0.8830387963863933,1.0,True,
CASMI2022,126,126,FragAnnotor,completed,formal_fixed_component_score_mode,CASMI_MOL_1196923,CC(=O)NCCc1c(Cc2ccccc2)[nH]c2ccccc12,C19H20N2O,,,293.164467938574,P,[M+H]+,,2001,1.0,True,True,True,1.0,CC(=O)NCCc1c(Cc2ccccc2)[nH]c2ccccc12,CASMI_MOL_1196923,C19H20N2O,0.8477785172516799,1.0,True,
CASMI2022,127,127,FragAnnotor,completed,formal_fixed_component_score_mode,CASMI_MOL_1196924,C=C(C)C1CCC2(C(=O)O)CCC3(C)C(CC4OC(=O)CC(O)C5(C)C(C(=C)C)CCC3(C)C45)C12,C30H44O5,,,485.325432421438,P,[M+H]+,,1657,1.0,True,True,True,1.0,C=C(C)C1CCC2(C(=O)O)CCC3(C)C(CC4OC(=O)CC(O)C5(C)C(C(=C)C)CCC3(C)C45)C12,CASMI_MOL_1196924,C30H44O5,0.8469784662901414,1.0,True,
CASMI2022,128,128,FragAnnotor,completed,formal_fixed_component_score_mode,CASMI_MOL_1196925,O=C(O)CCCCC(=O)Nc1ccccc1C(=O)O,C13H15NO5,,,266.102037994695,P,[M+H]+,,2001,1.0,True,True,True,1.0,O=C(O)CCCCC(=O)Nc1ccccc1C(=O)O,CASMI_MOL_1196925,C13H15NO5,0.8536990008889317,1.0,True,
CASMI2022,129,129,FragAnnotor,completed,formal_fixed_component_score_mode,CASMI_MOL_1196897,CC(C)c1ccc2c(c1)C(O)CC1C(C)(C(=O)O)CCCC21C,C20H28O3,,,317.210865326987,P,[M+H]+,,2001,1.0,True,True,True,1.0,CC(C)c1ccc2c(c1)C(O)CC1C(C)(C(=O)O)CCCC21C,CASMI_MOL_1196897,C20H28O3,0.8490981514470407,1.0,True,
CASMI2022,130,130,FragAnnotor,completed,formal_fixed_component_score_mode,CASMI_MOL_1196926,COc1cccc2c(O)c3c(c(O)c12)=C(C)OC(C)C=3,C16H16O4,,,273.111899404508,P,[M+H]+,,2001,1.0,True,True,True,1.0,COc1cccc2c(O)c3c(c(O)c12)=C(C)OC(C)C=3,CASMI_MOL_1196926,C16H16O4,0.8610205209006756,1.0,True,
CASMI2022,131,131,FragAnnotor,completed,formal_fixed_component_score_mode,CASMI_MOL_1196928,NC(=O)CCC=CCC=CCCCC(=O)O,C12H19NO3,,,226.143449486821,P,[M+H]+,,2001,1.0,True,True,True,1.0,NC(=O)CCC=CCC=CCCCC(=O)O,CASMI_MOL_1196928,C12H19NO3,0.8530695922519498,1.0,True,
CASMI2022,132,132,FragAnnotor,completed,formal_fixed_component_score_mode,CASMI_MOL_1196929,CCC(C)=CC=CCC(=O)OC1=CC=C2CC(=O)C(=O)CC2(C)C1C,C21H26O4,,,343.190181065075,P,[M+H]+,,2001,1.0,True,True,True,1.0,CCC(C)=CC=CCC(=O)OC1=CC=C2CC(=O)C(=O)CC2(C)C1C,CASMI_MOL_1196929,C21H26O4,0.8495064029396817,1.0,True,
CASMI2022,133,133,FragAnnotor,completed,formal_fixed_component_score_mode,CASMI_MOL_1196930,CCCC(O)CC=CCC=CCCCC(=O)NC(CCC(=O)O)C(=O)O,C19H31NO6,,,392.2040554259,P,[M+Na]+,,2001,19.0,False,False,False,0.05263157894736842,CC1(CCCC(=O)NCCOCCOCC(=O)NCCCN=[N+]=[N-])N=N1,CASMI_MOL_717026,C15H27N7O4,0.8132310376393289,0.12658227848101267,False,
CASMI2022,134,134,FragAnnotor,completed,formal_fixed_component_score_mode,CASMI_MOL_1196932,CC1=CC(=O)CC(C)(C)C1(O)C=CC(C)OC1OC(COC(=O)CC(C)(O)CC(=O)O)C(O)C(O)C1O,C25H38O12,,,553.225502325156,P,[M+Na]+,,2001,1.0,True,True,True,1.0,CC1=CC(=O)CC(C)(C)C1(O)C=CC(C)OC1OC(COC(=O)CC(C)(O)CC(=O)O)C(O)C(O)C1O,CASMI_MOL_1196932,C25H38O12,0.8673763090621454,1.0,True,
CASMI2022,135,135,FragAnnotor,completed,formal_fixed_component_score_mode,CASMI_MOL_1196933,CCC(C)(C)c1cc(-n2nc3ccccc3n2)c(O)c(C(C)(C)CC)c1,C22H29N3O,,,352.237811279235,P,[M+H]+,,2001,117.0,False,False,False,0.008547008547008548,CC(C)C(C)(CO)NC(=O)NC1CCN(Cc2ccc(F)cc2)CC1,CASMI_MOL_729070,C19H30FN3O2,0.8210767823772144,0.13513513513513514,False,
CASMI2022,136,136,FragAnnotor,completed,formal_fixed_component_score_mode,CASMI_MOL_1196934,CC(C)CCCCCCC(O)C1CC(CO)OC1=O,C15H28O4,,,273.205748250264,P,[M+H]+,,2001,1.0,True,True,True,1.0,CC(C)CCCCCCC(O)C1CC(CO)OC1=O,CASMI_MOL_1196934,C15H28O4,0.8484668423032222,1.0,True,
CASMI2022,137,137,FragAnnotor,completed,formal_fixed_component_score_mode,CASMI_MOL_1196935,COc1cc2c(cc1OC)C1(O)C(=O)c3ccc(O)c(CC=C(C)C)c3OC1CO2,C23H24O7,,,413.159051409611,P,[M+H]+,,2001,1.0,True,True,True,1.0,COc1cc2c(cc1OC)C1(O)C(=O)c3ccc(O)c(CC=C(C)C)c3OC1CO2,CASMI_MOL_1196935,C23H24O7,0.8485139212085917,1.0,True,
CASMI2022,138,138,FragAnnotor,completed,formal_fixed_component_score_mode,CASMI_MOL_1196936,COc1cc2c(c(OC)c1OC)-c1c(cc3c(c1O)OCO3)CC(C)C(C)C2,C22H26O6,,,387.179762289554,P,[M+H]+,,2001,1.0,True,True,True,1.0,COc1cc2c(c(OC)c1OC)-c1c(cc3c(c1O)OCO3)CC(C)C(C)C2,CASMI_MOL_1196936,C22H26O6,0.8481099847756874,1.0,True,
CASMI2022,139,139,FragAnnotor,completed,formal_fixed_component_score_mode,CASMI_MOL_1196937,CC1OC(OC2C(Oc3c(-c4ccc(O)cc4)oc4cc(OC5OC(CO)C(O)C(O)C5OC(=O)C=Cc5ccc(O)cc5)cc(O)c4c3=O)OC(CO)C(O)C2O)C(O)C(O)C1O,C42H46O22,,,903.254552637546,P,[M+H]+,,631,7.0,False,False,True,0.14285714285714285,CC(=O)OCc1cc(-n2c(O)c3c(c2O)C2CC(=O)NCC2C3=O)ccc1-c1ccccc1COC(=O)C=Cc1ccc(OC(=O)c2ccc(OCCCC(F)(F)C(F)(F)F)cc2)cc1,CASMI_MOL_763096,C47H39F5N2O11,0.19997352004302305,0.1780821917808219,False,
CASMI2022,140,140,FragAnnotor,completed,formal_fixed_component_score_mode,CASMI_MOL_1196939,CC=CC=CCCCC=CCc1cc(=O)c(C)c(O)o1,C17H22O3,,,275.163851548862,P,[M+H]+,,2001,1.0,True,True,True,1.0,CC=CC=CCCCC=CCc1cc(=O)c(C)c(O)o1,CASMI_MOL_1196939,C17H22O3,0.848136386555763,1.0,True,
CASMI2022,141,141,FragAnnotor,completed,formal_fixed_component_score_mode,CASMI_MOL_1196941,COc1ccc(-c2cc(=O)c3c(OC)cc(OC)c(OC)c3o2)cc1,C19H18O6,,,365.099067602426,P,[M+Na]+,,2001,1.0,True,True,True,1.0,COc1ccc(-c2cc(=O)c3c(OC)cc(OC)c(OC)c3o2)cc1,CASMI_MOL_1196941,C19H18O6,0.8825674766874475,1.0,True,
CASMI2022,142,142,FragAnnotor,completed,formal_fixed_component_score_mode,CASMI_MOL_1196942,COc1ccc(C2OCC3C(c4ccc5c(c4)OCO5)OCC23)cc1OC,C21H22O6,,,371.148665955677,P,[M+H]+,,2001,1.0,True,True,True,1.0,COc1ccc(C2OCC3C(c4ccc5c(c4)OCO5)OCC23)cc1OC,CASMI_MOL_1196942,C21H22O6,0.8493761590637683,1.0,True,
CASMI2022,143,143,FragAnnotor,completed,formal_fixed_component_score_mode,CASMI_MOL_1196943,CC=C(C)C(=O)OC(C(O)c1cc2ccc(=O)oc2cc1OC)C(C)(C)O,C20H24O7,,,377.159048235277,P,[M+H]+,,2001,79.0,False,False,False,0.012658227848101266,Nc1nc(OCCc2cc[nH]c2)nc2c1ncn2C1OC(CO)C(O)C1O,CASMI_MOL_790129,C16H20N6O5,0.8060680274865548,0.07,False,
CASMI2022,144,144,FragAnnotor,completed,formal_fixed_component_score_mode,CASMI_MOL_1196944,CC1CC=CC(C(=O)O)C1(C)Cc1c(CO)coc1O,C15H20O5,,,281.138108031761,P,[M+H]+,,2001,1.0,True,True,True,1.0,CC1CC=CC(C(=O)O)C1(C)Cc1c(CO)coc1O,CASMI_MOL_1196944,C15H20O5,0.8489720393791323,1.0,True,
CASMI2022,145,145,FragAnnotor,completed,formal_fixed_component_score_mode,CASMI_MOL_1196938,CC1OC(OC2C(Oc3c(-c4ccc(O)cc4)oc4cc(OC5OC(COC(=O)C=Cc6ccc(O)cc6)C(O)C(O)C5O)cc(O)c4c3=O)OC(CO)C(O)C2O)C(O)C(O)C1O,C42H46O22,,,903.254591557378,P,[M+H]+,,316,7.0,False,False,True,0.14285714285714285,CCOc1cc2c3c(c(OCC)cc4c3c1C(=O)N(C(CCCCNC(=O)C1CSSC1)C(=O)NC)C4=O)C(=O)N(C(CCCCNC(=O)C1CSSC1)C(=O)NC)C2=O,CASMI_MOL_763240,C40H50N6O10S4,0.20056288918250872,0.09375,False,
CASMI2022,146,146,FragAnnotor,completed,formal_fixed_component_score_mode,CASMI_MOL_1196945,CC(=O)OC1C(=O)C2=C(C(=O)CC3C2(C)CCC(OC(=O)CC(=O)O)C3(C)C)C2(C)C(=O)CC(C(C)CC(=O)CC(C)C(=O)O)C12C,C35H46O12,,,659.305358886719,P,[M+H]+,,1277,200.0,False,False,False,0.005,C=C(F)C(=O)N1CCC(n2ncc3c(N4CC(C)(N(C)C)C4)nc4c(F)c(-c5cccc6cccc(C#N)c56)c(C)cc4c32)CC1CC#N,CASMI_MOL_808547,C38H36F2N8O,0.19998510443947798,0.11188811188811189,False,
CASMI2022,147,147,FragAnnotor,completed,formal_fixed_component_score_mode,CASMI_MOL_1196946,CC(=CCCC(C)OC1OC(CO)C(O)C(O)C1O)CCC1CC(=O)OC1(C)C,C21H36O8,,,417.247928865327,P,[M+H]+,,2001,1.0,True,True,True,1.0,CC(=CCCC(C)OC1OC(CO)C(O)C(O)C1O)CCC1CC(=O)OC1(C)C,CASMI_MOL_1196946,C21H36O8,0.8489358223618257,1.0,True,
CASMI2022,148,148,FragAnnotor,completed,formal_fixed_component_score_mode,CASMI_MOL_1196947,CC(C)=CCCC(=CCCC(C)=CCC(O)C(C)=CCO)CO,C20H34O3,,,345.239577329631,P,[M+Na]+,,2001,1.0,True,True,True,1.0,CC(C)=CCCC(=CCCC(C)=CCC(O)C(C)=CCO)CO,CASMI_MOL_1196947,C20H34O3,0.8477736458131522,1.0,True,
CASMI2022,149,149,FragAnnotor,completed,formal_fixed_component_score_mode,CASMI_MOL_1196948,COc1ccc(-c2oc3c(CC=C(C)C)c(O)cc(O)c3c(=O)c2O)cc1,C21H20O6,,,369.132758072946,P,[M+H]+,,2001,1.0,True,True,True,1.0,COc1ccc(-c2oc3c(CC=C(C)C)c(O)cc(O)c3c(=O)c2O)cc1,CASMI_MOL_1196948,C21H20O6,0.8473994770222567,1.0,True,
CASMI2022,150,150,FragAnnotor,completed,formal_fixed_component_score_mode,CASMI_MOL_1196949,C=C1CCC2C(C)(C(=O)O)CCC(OC(C)=O)C2(C)C1CCC(C)=CCO,C22H34O5,,,379.245232516541,P,[M+H]+,,2001,1.0,True,True,True,1.0,C=C1CCC2C(C)(C(=O)O)CCC(OC(C)=O)C2(C)C1CCC(C)=CCO,CASMI_MOL_1196949,C22H34O5,0.7918242684706239,1.0,True,
CASMI2022,151,151,FragAnnotor,completed,formal_fixed_component_score_mode,CASMI_MOL_1196950,C=C(Oc1cccc(C(=O)O)c1)C(=O)OC,C11H10O5,,,223.059992250151,P,[M+H]+,,1793,1.0,True,True,True,1.0,C=C(Oc1cccc(C(=O)O)c1)C(=O)OC,CASMI_MOL_1196950,C11H10O5,0.8669138976542173,1.0,True,
CASMI2022,152,152,FragAnnotor,completed,formal_fixed_component_score_mode,CASMI_MOL_1196951,O=C(O)C=CCCCCCC(=O)O,C9H14O4,,,209.078338623047,P,[M+Na]+,,2001,1.0,True,True,True,1.0,O=C(O)C=CCCCCCC(=O)O,CASMI_MOL_1196951,C9H14O4,0.8497370167623525,1.0,True,
CASMI2022,153,153,FragAnnotor,completed,formal_fixed_component_score_mode,CASMI_MOL_1196952,CC(OC1OC(COC2OCC(O)(CO)C2O)C(O)C(O)C1O)C1CC(=O)OC1(C)C,C19H32O12,,,475.17834109672,P,[M+Na]+,,2001,1.0,True,True,True,1.0,CC(OC1OC(COC2OCC(O)(CO)C2O)C(O)C(O)C1O)C1CC(=O)OC1(C)C,CASMI_MOL_1196952,C19H32O12,0.8495970611819479,1.0,True,
CASMI2022,154,154,FragAnnotor,completed,formal_fixed_component_score_mode,CASMI_MOL_1196953,N#CC=C1CCC(O)CC1OC1OC(CO)C(O)C(O)C1O,C14H21NO7,,,338.120757952349,P,[M+Na]+,,2001,1.0,True,True,True,1.0,N#CC=C1CCC(O)CC1OC1OC(CO)C(O)C(O)C1O,CASMI_MOL_1196953,C14H21NO7,0.8491501731005641,1.0,True,
CASMI2022,155,155,FragAnnotor,completed,formal_fixed_component_score_mode,CASMI_MOL_1196954,CN1CCCC1Cc1c[nH]c2ccc(CCS(=O)(=O)c3ccccc3)cc12,C22H26N2O2S,,,383.178221106453,P,[M+H]+,,2001,613.0,False,False,False,0.0016313213703099511,O=C(CCOCCNC(=O)OC1CCC=CCCC1)On1c(O)ccc1O,CASMI_MOL_860559,C18H26N2O7,0.7785662916308748,0.1348314606741573,False,
CASMI2022,156,156,FragAnnotor,completed,formal_fixed_component_score_mode,CASMI_MOL_1196955,CC1(OC2OC(CO)C(O)C(O)C2O)C(=O)CC2CC1C2(C)C,C16H26O7,,,331.175020785177,P,[M+H]+,,2001,1.0,True,True,True,1.0,CC1(OC2OC(CO)C(O)C(O)C2O)C(=O)CC2CC1C2(C)C,CASMI_MOL_1196955,C16H26O7,0.850387660149737,1.0,True,
CASMI2022,157,157,FragAnnotor,completed,formal_fixed_component_score_mode,CASMI_MOL_1196956,COc1cc2c(cc1O)CCc1cc(O)ccc1-2,C15H14O3,,,243.101852416992,P,[M+H]+,,2001,1.0,True,True,True,1.0,COc1cc2c(cc1O)CCc1cc(O)ccc1-2,CASMI_MOL_1196956,C15H14O3,0.878387296128298,1.0,True,
CASMI2022,158,158,FragAnnotor,completed,formal_fixed_component_score_mode,CASMI_MOL_1196958,C=C1C(=O)N(CCCC(=O)O)C2(O)C=C3C=CC(OC(=O)C=CC=CC(C)CC)C(C)C3(C)CC12O,C28H37NO7,,,500.26370961297,P,[M+H]+,,2001,4.0,False,True,True,0.25,CCCOC1CC2C(C1(N)CC(=O)OC(C)OC(=O)OC1CC3CCC1(C)C3(C)C)C2(F)C(=O)O,CASMI_MOL_886369,C25H38FNO8,0.8343744720182638,0.13445378151260504,False,
CASMI2022,159,159,FragAnnotor,completed,formal_fixed_component_score_mode,CASMI_MOL_1196914,C=C1CCCC(C)(C)C12C=CC(C(=O)O)CC2,C15H22O2,,,235.169138407502,P,[M+H]+,,2001,1.0,True,True,True,1.0,C=C1CCCC(C)(C)C12C=CC(C(=O)O)CC2,CASMI_MOL_1196914,C15H22O2,0.8556652777645545,1.0,True,
CASMI2022,160,160,FragAnnotor,completed,formal_fixed_component_score_mode,CASMI_MOL_1196959,CC(O)(CC(=O)O)CC(=O)OC1CC2(C)C3=C(CCC2C(C)(C)C1O)C1(C)CCC(C(CO)CCC(O)C(C)(C)O)C1(C)C(O)C3,C36H60O10,,,675.407116912686,P,[M+Na]+,,658,1.0,True,True,True,1.0,CC(O)(CC(=O)O)CC(=O)OC1CC2(C)C3=C(CCC2C(C)(C)C1O)C1(C)CCC(C(CO)CCC(O)C(C)(C)O)C1(C)C(O)C3,CASMI_MOL_1196959,C36H60O10,0.8482860139361645,1.0,True,
CASMI2022,161,161,FragAnnotor,completed,formal_fixed_component_score_mode,CASMI_MOL_1196960,COc1cc(C2OC(c3ccc4c(c3)OCO4)C(C)C2C)ccc1OC(C)C(O)c1ccc2c(c1)OCO2,C30H32O8,,,543.198551160103,P,[M+Na]+,,2001,1.0,True,True,True,1.0,COc1cc(C2OC(c3ccc4c(c3)OCO4)C(C)C2C)ccc1OC(C)C(O)c1ccc2c(c1)OCO2,CASMI_MOL_1196960,C30H32O8,0.8492943433110736,1.0,True,
CASMI2022,162,162,FragAnnotor,completed,formal_fixed_component_score_mode,CASMI_MOL_1196961,COC1C=COC2(C)Oc3c(C)c(O)c4c(O)c(c5c(nc6cc(C)ccn65)c4c3C2=O)NC(=O)C(C)=CC=CC(C)C(O)C(C)C(O)C(C)C(OC(C)=O)C1C,C43H51N3O11,,,808.339580864948,P,[M+Na]+,,529,49.0,False,False,False,0.02040816326530612,CC(CC(C)(C)C)c1ccc(Oc2ccc3c4c(ccc(Oc5ccc(C(C)(C)CC(C)(C)C)cc5)c24)C(=O)N(CCc2c(F)c(F)c(F)c(F)c2F)C3=O)cc1,CASMI_MOL_895023,C47H48F5NO4,0.2039367678788467,0.07971014492753623,False,
CASMI2022,163,163,FragAnnotor,completed,formal_fixed_component_score_mode,CASMI_MOL_1196962,CCC(C)C1NC(=O)C2CCCN2C(=O)C(C(C)CC)NC(=O)c2ccccc2NC(=O)C(Cc2ccc(O)cc2)NC(=O)C(C)NC(=O)C(C(C)O)NC1=O,C40H55N7O9,,,778.412071426478,P,[M+H]+,,361,30.0,False,False,False,0.03333333333333333,CCCCc1ccc(-c2ccc(C(=O)NC(CCN)C(=O)NC(C(=O)NC(C)C(=O)NC(CCCCN)C(=O)NC(C)C(=O)C(F)(F)F)C(C)O)cc2)cc1,CASMI_MOL_895656,C38H54F3N7O7,0.20057484313223883,0.11290322580645161,False,
CASMI2022,164,164,FragAnnotor,completed,formal_fixed_component_score_mode,CASMI_MOL_1196963,CCC(C)=CC=CCC(=O)OCC(O)C(O)C(O)C(O)CO,C15H26O7,,,319.174937465293,P,[M+H]+,,2001,1.0,True,True,True,1.0,CCC(C)=CC=CCC(=O)OCC(O)C(O)C(O)C(O)CO,CASMI_MOL_1196963,C15H26O7,0.8494971215562988,1.0,True,
CASMI2022,165,165,FragAnnotor,completed,formal_fixed_component_score_mode,CASMI_MOL_1196937,CC1OC(OC2C(Oc3c(-c4ccc(O)cc4)oc4cc(OC5OC(CO)C(O)C(O)C5OC(=O)C=Cc5ccc(O)cc5)cc(O)c4c3=O)OC(CO)C(O)C2O)C(O)C(O)C1O,C42H46O22,,,903.254435229549,P,[M+H]+,,631,26.0,False,False,False,0.038461538461538464,CCOc1cc2c3c(c(OCC)cc4c3c1C(=O)N(C(CCCCNC(=O)C1CSSC1)C(=O)NC)C4=O)C(=O)N(C(CCCCNC(=O)C1CSSC1)C(=O)NC)C2=O,CASMI_MOL_763240,C40H50N6O10S4,0.19999823148923493,0.096,False,
CASMI2022,166,166,FragAnnotor,completed,formal_fixed_component_score_mode,CASMI_MOL_1196964,CC1(C)CC(O)CC2(C)OC(=O)C=C12,C11H16O3,,,197.117068765905,P,[M+H]+,,2001,1.0,True,True,True,1.0,CC1(C)CC(O)CC2(C)OC(=O)C=C12,CASMI_MOL_1196964,C11H16O3,0.8697245844582758,1.0,True,
CASMI2022,167,167,FragAnnotor,completed,formal_fixed_component_score_mode,CASMI_MOL_1196965,CC(C(=O)O)C1CC2(C)C(=CCCC2C)C(O)C1O,C15H24O4,,,291.156443456133,P,[M+Na]+,,2001,1.0,True,True,True,1.0,CC(C(=O)O)C1CC2(C)C(=CCCC2C)C(O)C1O,CASMI_MOL_1196965,C15H24O4,0.9056742538679533,1.0,True,
CASMI2022,168,168,FragAnnotor,completed,formal_fixed_component_score_mode,CASMI_MOL_1196966,CC=CC=CC(=O)OC1C(C)C(C(C)CC(C)=CC)OC(=O)C1(C)O,C20H30O5,,,373.197929451086,P,[M+Na]+,,2001,1.0,True,True,True,1.0,CC=CC=CC(=O)OC1C(C)C(C(C)CC(C)=CC)OC(=O)C1(C)O,CASMI_MOL_1196966,C20H30O5,0.8517879737148392,1.0,True,
CASMI2022,169,169,FragAnnotor,completed,formal_fixed_component_score_mode,CASMI_MOL_1196967,CC(C)(O)c1ccccc1CCC(SCC1(CC(=O)O)CC1)c1cccc(C=Cc2ccc3ccc(Cl)cc3n2)c1,C35H36ClNO3S,,,586.21728515625,P,[M+H]+,,2001,58.0,False,False,False,0.017241379310344827,COc1nc(NC2CCN(C(=O)C=Cc3cc(C)nc(C)n3)C2)c2cnc(-c3cccc4ccc(F)c(F)c34)c(F)c2n1,CASMI_MOL_930257,C31H26F3N7O2,0.19999999516901004,0.14285714285714285,False,
CASMI2022,170,170,FragAnnotor,completed,formal_fixed_component_score_mode,CASMI_MOL_1196898,C=C1CC23CC1CCC2C1(C)CCCC2(C)C(=O)OC(C21)C3O,C20H28O3,,,317.210941458283,P,[M+H]+,,2001,1.0,True,True,True,1.0,C=C1CC23CC1CCC2C1(C)CCCC2(C)C(=O)OC(C21)C3O,CASMI_MOL_1196898,C20H28O3,0.8495544269405542,1.0,True,
CASMI2022,171,171,FragAnnotor,completed,formal_fixed_component_score_mode,CASMI_MOL_1196968,COc1ccc(-c2oc3c(CC=C(C)C)c(O)cc(O)c3c(=O)c2OC2OC(C)C(O)C(O)C2OC2OCC(O)C(O)C2O)cc1,C32H38O14,,,647.232372764582,P,[M+H]+,,1728,295.0,False,False,False,0.003389830508474576,C=NCCOCCN(CCOCC)c1nc(NN=Cc2ccc(OC(F)(F)F)cc2)nc(Nc2ccc(F)c(C(F)(F)F)c2)n1,CASMI_MOL_935027,C27H29F7N8O3,0.19999949594859057,0.09090909090909091,False,
CASMI2022,172,172,FragAnnotor,completed,formal_fixed_component_score_mode,CASMI_MOL_1196879,CCC(C)C1C(C)=CC2C(O)C(C)CC(C)C2C1(C)C(=O)CCO,C21H36O3,,,337.273350277786,P,[M+H]+,,1959,1.0,True,True,True,1.0,CCC(C)C1C(C)=CC2C(O)C(C)CC(C)C2C1(C)C(=O)CCO,CASMI_MOL_1196879,C21H36O3,0.8510088083539775,1.0,True,
CASMI2022,173,173,FragAnnotor,completed,formal_fixed_component_score_mode,CASMI_MOL_1196969,C=CC1C(OC2OC(COC(C)=O)C(O)C(O)C2O)OC=C2C(=O)OCCC21O,C18H24O11,,,417.138772181597,P,[M+H]+,,2001,1.0,True,True,True,1.0,C=CC1C(OC2OC(COC(C)=O)C(O)C(O)C2O)OC=C2C(=O)OCCC21O,CASMI_MOL_1196969,C18H24O11,0.848934362576243,1.0,True,
CASMI2022,174,174,FragAnnotor,completed,formal_fixed_component_score_mode,CASMI_MOL_1196970,CC1CCC2(C(=O)OC3OC(CO)C(O)C(O)C3O)CCC3(C)C(=CCC4C5(C)CCC(OC6OC(C(=O)O)C(O)C(O)C6OC6OCC(O)C(O)C6O)C(C)(C)C5CCC43C)C2C1(C)O,C47H74O19,,,965.470336914063,P,[M+Na]+,,388,22.0,False,False,False,0.045454545454545456,CCCCC(NC(=O)CN(C)C(=O)C1CCC(=O)NCC(=O)NC(Cc2ccc(O)cc2)C(=O)NC(C(C)CC)C(=O)NC(CCC(N)=O)C(=O)CC(CC(N)=O)C(=O)N1)C(=O)CCC(N)=O,CASMI_MOL_945685,C44H66N10O13,0.19999827896395,0.06358381502890173,False,
CASMI2022,175,175,FragAnnotor,completed,formal_fixed_component_score_mode,CASMI_MOL_1196971,COc1cc(C2OCC(C(OC3OC(CO)C(O)C(O)C3O)c3ccc(O)c(OC)c3)C2CO)ccc1O,C26H34O12,,,561.194132924822,P,[M+Na]+,,2001,1.0,True,True,True,1.0,COc1cc(C2OCC(C(OC3OC(CO)C(O)C(O)C3O)c3ccc(O)c(OC)c3)C2CO)ccc1O,CASMI_MOL_1196971,C26H34O12,0.84994238555135,1.0,True,
CASMI2022,176,176,FragAnnotor,completed,formal_fixed_component_score_mode,CASMI_MOL_1196972,COc1ccc(C2CC(=O)c3c(O)cc(OC4OC(COC5OC(C)C(O)C(O)C5O)C(O)C(O)C4O)cc3O2)cc1O,C28H34O15,,,611.196249141132,P,[M+H]+,,2001,1.0,True,True,True,1.0,COc1ccc(C2CC(=O)c3c(O)cc(OC4OC(COC5OC(C)C(O)C(O)C5O)C(O)C(O)C4O)cc3O2)cc1O,CASMI_MOL_1196972,C28H34O15,0.8476480111150315,1.0,True,
CASMI2022,177,177,FragAnnotor,completed,formal_fixed_component_score_mode,CASMI_MOL_1196973,CN(C)CCC(CSc1ccccc1)Nc1ccc(S(=O)(=O)NC(=O)c2ccc(N3CCN(Cc4ccccc4-c4ccc(Cl)cc4)CC3)cc2)cc1[N+](=O)[O-],C42H45ClN6O5S2,,,813.264282226563,P,[M+H]+,,336,20.0,False,False,False,0.05,COC(C(=O)NC1Cc2ccc3c(c2)C24c5cccc(c5NC2O3)-c2cccc3[nH]cc(c23)-c2cnc(o2)-c2nc(oc24)C(C(C)C)NC1=O)(c1ccccc1)C(F)(F)F,CASMI_MOL_953086,C45H35F3N6O6,0.21865408456120766,0.10526315789473684,False,
CASMI2022,178,178,FragAnnotor,completed,formal_fixed_component_score_mode,CASMI_MOL_1196974,CC(C)=CCc1ccc2c(C(C=C(C)C)c3ccc4cc[nH]c4c3)c[nH]c2c1,C26H28N2,,,369.230865478516,P,[M+H]+,,2001,738.0,False,False,False,0.0013550135501355014,CN1CC(C(=O)NC2CCC(CC3CCCC(Cl)C3)CC2)CCC1=O,CASMI_MOL_953459,C20H33ClN2O2,0.5500359836712551,0.05555555555555555,False,
CASMI2022,179,179,FragAnnotor,completed,formal_fixed_component_score_mode,CASMI_MOL_1196975,CC1C=CC2CCCCC2C1c1cc(NC(CCC(N)=O)C(=O)O)c(C=O)c(=O)o1,C22H28N2O6,,,417.201470595733,P,[M+H]+,,2001,1.0,True,True,True,1.0,CC1C=CC2CCCCC2C1c1cc(NC(CCC(N)=O)C(=O)O)c(C=O)c(=O)o1,CASMI_MOL_1196975,C22H28N2O6,0.8733692779741575,1.0,True,
CASMI2022,180,180,FragAnnotor,completed,formal_fixed_component_score_mode,CASMI_MOL_1196976,COc1c2c(c(C)c3c1C(=O)OC3)OC1(C)CC(O)C34OC(OC)(CCC3(C)C1C2)OC4(C)CO,C26H34O9,,,491.226984056055,P,[M+H]+,,2001,1.0,True,True,True,1.0,COc1c2c(c(C)c3c1C(=O)OC3)OC1(C)CC(O)C34OC(OC)(CCC3(C)C1C2)OC4(C)CO,CASMI_MOL_1196976,C26H34O9,0.8481054839394853,1.0,True,
CASMI2022,181,181,FragAnnotor,completed,formal_fixed_component_score_mode,CASMI_MOL_1196915,CC1=C(C(=O)O)CC2(C)CCC3C(C)CCC132,C15H22O2,,,235.169064683683,P,[M+H]+,,2001,1.0,True,True,True,1.0,CC1=C(C(=O)O)CC2(C)CCC3C(C)CCC132,CASMI_MOL_1196915,C15H22O2,0.8627032551963921,1.0,True,
CASMI2022,182,182,FragAnnotor,completed,formal_fixed_component_score_mode,CASMI_MOL_1196977,CC1CCC2(C(=O)OC3OC(CO)C(O)C(O)C3O)CCC3(C)C(=CCC4C5(C)CCC(O)C(C)(CO)C5CCC43C)C2C1(C)O,C36H58O10,,,673.391311496026,P,[M+Na]+,,826,1.0,True,True,True,1.0,CC1CCC2(C(=O)OC3OC(CO)C(O)C(O)C3O)CCC3(C)C(=CCC4C5(C)CCC(O)C(C)(CO)C5CCC43C)C2C1(C)O,CASMI_MOL_1196977,C36H58O10,0.8474946283014393,1.0,True,
CASMI2022,183,183,FragAnnotor,completed,formal_fixed_component_score_mode,CASMI_MOL_1196931,CCCCC(O)C=CCC=CCCCC(=O)NC(CCC(=O)O)C(=O)O,C19H31NO6,,,392.204095726442,P,[M+Na]+,,2001,17.0,False,False,False,0.058823529411764705,CC1(CCCC(=O)NCCOCCOCC(=O)NCCCN=[N+]=[N-])N=N1,CASMI_MOL_717026,C15H27N7O4,0.8247728526408672,0.1282051282051282,False,
CASMI2022,184,184,FragAnnotor,completed,formal_fixed_component_score_mode,CASMI_MOL_1196978,COC1CC(OC2C(C)OC(OC3C(C)=CCC4CC(CC5(C=CC(C)C(C6CCCCC6)O5)O4)OC(=O)C4=CC(C)C(O)C5OCC(=CC=CC3C)C45O)CC2OC)OC(C)C1O,C50H74O14,,,921.496181071942,P,[M+Na]+,,219,6.0,False,False,True,0.16666666666666666,CC(C)(C)c1ccc(C(c2ccc(OCCCOC(=O)C3C=NCCN=CC(C(=O)OCCCS)C=NCCN=C3)cc2)(c2ccc(C(C)(C)C)cc2)c2ccc(C(C)(C)C)cc2)cc1,CASMI_MOL_972130,C55H70N4O5S,0.19988271260949295,0.06818181818181818,False,
CASMI2022,185,185,FragAnnotor,completed,formal_fixed_component_score_mode,CASMI_MOL_1196979,COc1cc(C=CC(C)=O)ccc1O,C11H12O3,,,193.085852176167,P,[M+H]+,,2001,1.0,True,True,True,1.0,COc1cc(C=CC(C)=O)ccc1O,CASMI_MOL_1196979,C11H12O3,0.8898672341449684,1.0,True,
CASMI2022,186,186,FragAnnotor,completed,formal_fixed_component_score_mode,CASMI_MOL_1196980,COC(=O)c1c(O)cc(OC)c(C)c1C(C)C(C)=O,C14H18O5,,,267.122505644981,P,[M+H]+,,2001,1.0,True,True,True,1.0,COC(=O)c1c(O)cc(OC)c(C)c1C(C)C(C)=O,CASMI_MOL_1196980,C14H18O5,0.8638746172041426,1.0,True,
CASMI2022,187,187,FragAnnotor,completed,formal_fixed_component_score_mode,CASMI_MOL_1196981,COc1ccc(-c2oc3c(OC)c(OC)cc(OC)c3c(=O)c2OC)cc1OC,C21H22O8,,,403.138301404899,P,[M+H]+,,2001,1.0,True,True,True,1.0,COc1ccc(-c2oc3c(OC)c(OC)cc(OC)c3c(=O)c2OC)cc1OC,CASMI_MOL_1196981,C21H22O8,0.8710582115422495,1.0,True,
CASMI2022,188,188,FragAnnotor,completed,formal_fixed_component_score_mode,CASMI_MOL_1196982,CC=C(C)C(=O)Oc1c(OC)c(OC)cc2c1-c1c(cc3c(c1OC)OCO3)CC(C)C(C)C2,C27H32O7,,,469.22139095747,P,[M+H]+,,2001,1.0,True,True,True,1.0,CC=C(C)C(=O)Oc1c(OC)c(OC)cc2c1-c1c(cc3c(c1OC)OCO3)CC(C)C(C)C2,CASMI_MOL_1196982,C27H32O7,0.8470286782753318,1.0,True,
CASMI2022,189,189,FragAnnotor,completed,formal_fixed_component_score_mode,CASMI_MOL_1196983,CN(C)C(=O)Oc1cc(OC(=O)N(C)C)cc(C(O)CNC(C)(C)C)c1,C18H29N3O5,,,368.217760698508,P,[M+H]+,,2001,328.0,False,False,False,0.003048780487804878,CN1CCN(C(=O)C2(O)CCCC2)CC12CCC(=O)N(CC(=O)O)CC2,CASMI_MOL_1003265,C18H29N3O5,0.8494263474584995,0.08,True,
CASMI2022,190,190,FragAnnotor,completed,formal_fixed_component_score_mode,CASMI_MOL_1196940,Cc1c(O)cc(C2C(C)C=CC3CCCCC32)oc1=O,C17H22O3,,,275.163853197791,P,[M+H]+,,2001,1.0,True,True,True,1.0,Cc1c(O)cc(C2C(C)C=CC3CCCCC32)oc1=O,CASMI_MOL_1196940,C17H22O3,0.8507634350774708,1.0,True,
CASMI2022,191,191,FragAnnotor,completed,formal_fixed_component_score_mode,CASMI_MOL_1196908,CC1C2OC(C)(C)C(O)C2(O)OC2CC3(C)C4CCC5C(C)(C)C(=O)CCC56CC46CCC3(C)C21,C30H46O5,,,487.341250778403,P,[M+H]+,,1876,1.0,True,True,True,1.0,CC1C2OC(C)(C)C(O)C2(O)OC2CC3(C)C4CCC5C(C)(C)C(=O)CCC56CC46CCC3(C)C21,CASMI_MOL_1196908,C30H46O5,0.8482370922985797,1.0,True,
CASMI2022,192,192,FragAnnotor,completed,formal_fixed_component_score_mode,CASMI_MOL_1196984,CC(=O)OC(C)(C)C1OC23OC1CC(C)C2C1(C)CCC24CC25CCC(OC2OCC(O)C(O)C2O)C(C)(C)C5CC=C4C1(C)C3O,C37H56O10,,,661.39362166225,P,[M+H]+,,735,153.0,False,False,False,0.006535947712418301,CC(=O)OC1CC23CC24CCC(OC2OCC(O)C(O)C2O)C(C)(C)C4CCC3C2(C)CC3OC4(CC(C)C3C12C)OCC1(C)OC14,CASMI_MOL_1007108,C37H56O10,0.8468324867414256,0.38181818181818183,True,
CASMI2022,193,193,FragAnnotor,completed,formal_fixed_component_score_mode,CASMI_MOL_1196985,CCCCCc1cc2cc(O)cc(Oc3c(O)cc(OC)cc3CCCCC)c2c(=O)o1,C26H32O6,,,441.226683930043,P,[M+H]+,,2001,287.0,False,False,False,0.003484320557491289,CCC1(O)C2=C(COC1O)C(O)C1CC(=Cc3cc4c(cc3C)OCO4)C(C)C(C)C1=C2,CASMI_MOL_1007831,C26H32O6,0.8529399850029424,0.0891089108910891,True,
CASMI2022,194,194,FragAnnotor,completed,formal_fixed_component_score_mode,CASMI_MOL_1196986,Nc1ccc(S(=O)(=O)Nc2ccnn2-c2ccccc2)cc1,C15H14N4O2S,,,315.090498851477,P,[M+H]+,,2001,775.0,False,False,False,0.0012903225806451613,C=Nc1c(N)cnc2c1ccn2S(=O)(=O)C1=CCC(C)C#C1,CASMI_MOL_1015768,C15H14N4O2S,0.846890688115528,0.16,True,
CASMI2022,195,195,FragAnnotor,completed,formal_fixed_component_score_mode,CASMI_MOL_1196987,CC(C)=CCc1c(O)cc(O)c2c(=O)c(OC3OC(C)C(O)C(O)C3OC3OC(CO)C(O)C(O)C3O)c(-c3ccc(O)cc3)oc12,C32H38O15,,,663.227678443159,P,[M+H]+,,1274,252.0,False,False,False,0.003968253968253968,CCCCCCCCCCc1ccc(-c2ccc(-c3ccc(-c4ccc(-c5ccc(C6CC(C)CC(C)C6)s5)s4)s3)s2)s1,CASMI_MOL_1025671,C38H46S5,0.199971731980173,0.07920792079207921,False,
CASMI2022,196,196,FragAnnotor,completed,formal_fixed_component_score_mode,CASMI_MOL_1196988,CC1(CCCC=CCC=CCCCC(=O)NC(CCC(=O)O)C(=O)O)NC(=O)c2ccccc2N1,C26H35N3O6,,,486.259335227713,P,[M+H]+,,2001,264.0,False,False,False,0.003787878787878788,CCCOCCOCCOCCNCCC#Cc1ccc2c(c1)CN(C1CCC(=O)NC1=O)C2=O,CASMI_MOL_1026422,C26H35N3O6,0.8078665841103029,0.11320754716981132,True,
CASMI2022,197,197,FragAnnotor,completed,formal_fixed_component_score_mode,CASMI_MOL_1196989,CCC(C)CCCCCCCCCCC(=O)OCC(O)CO[PH](=O)(=O)OCC(O)COC1OC(COC2OC(CO)C(O)C(O)C2O)C(O)C(O)C1O,,,,817.357713514593,P,[M+Na]+,,1202,1202.0,False,False,False,0.0008319467554076539,O=C(CCOCCOCCOCCOCCOCCOCCOCCOCCOCCOCCOCCOCCN1C(=O)C=CC1=O)On1c(O)ccc1O,CASMI_MOL_1031510,C35H58N2O18,0.19999815604586463,,False,
CASMI2022,198,198,FragAnnotor,completed,formal_fixed_component_score_mode,CASMI_MOL_1196990,C=CC(C)(O)CC=CC(CO)C(=O)OC,C11H18O4,,,237.109558105469,P,[M+Na]+,,2001,1182.0,False,False,False,0.0008460236886632825,CC(C)C(=O)OC1CCC(C(=O)O)CC1,CASMI_MOL_1032141,C11H18O4,0.8492734049708012,0.13725490196078433,True,
CASMI2022,199,199,FragAnnotor,completed,formal_fixed_component_score_mode,CASMI_MOL_1196991,Cc1cc(NC(=O)C2C(=O)c3ccccc3S(=O)(=O)N2C)no1,C14H13N3O5S,,,336.064621637157,P,[M+H]+,,2001,372.0,False,False,False,0.002688172043010753,Nc1nc(Cl)c2ncn(C3OC(CO)(CF)C(O)C3F)c2n1,CASMI_MOL_1042492,C11H12ClF2N5O3,0.7933161500800381,0.09411764705882353,False,
CASMI2022,200,200,FragAnnotor,completed,formal_fixed_component_score_mode,CASMI_MOL_1196992,CC1OC(OC2C(OC3C(OC4CCC5(C)C(CCC6(C)C5CC=C5C7CC(C)(CO)CC(O)C7(C)CCC56C)C4(C)CO)OC(C(=O)O)C(O)C3O)OC(CO)C(O)C2O)C(O)C(O)C1O,C48H78O19,,,959.519496084228,P,[M+H]+,,510,392.0,False,False,False,0.002551020408163265,COc1ccc(C(OCC2OC(n3cnc4c(=O)n(CC=C(C)CCC=C(C)CCC=C(C)C)cnc43)CC2N(CCC#N)P(OC(C)C)OC(C)C)(c2ccccc2)c2ccc(OC)cc2)cc1,CASMI_MOL_1046417,C55H71N6O7P,0.1999982594771548,0.10365853658536585,False,
CASMI2022,201,201,FragAnnotor,completed,formal_fixed_component_score_mode,CASMI_MOL_1196993,CC1(C)C=Cc2c(c(O)c3c(O)cccc3c2O)O1,C15H14O4,,,259.096368166086,P,[M+H]+,,2001,954.0,False,False,False,0.0010482180293501049,CC(C)(C)OC(=O)C1=CC1=C1C=C1c1ccc(O)o1,CASMI_MOL_1046624,C15H14O4,0.8913381333341075,0.1111111111111111,True,
CASMI2022,202,202,FragAnnotor,completed,formal_fixed_component_score_mode,CASMI_MOL_1196994,CCCC=CCOC1OC(CO)C(O)C(O)C1O,C12H22O6,,,285.130608044406,P,[M+Na]+,,2001,283.0,False,False,False,0.0035335689045936395,CC(C)CC(=O)CC1C(O)OC(CO)C(O)C1O,CASMI_MOL_1053654,C12H22O6,0.8489258877977532,0.27450980392156865,True,
CASMI2022,203,203,FragAnnotor,completed,formal_fixed_component_score_mode,CASMI_MOL_1196889,CCC(O)CCC=CCC=CC(O)C(O)CCCCCC(=O)O,C18H32O5,,,351.213809878461,P,[M+Na]+,,2001,1.0,True,True,True,1.0,CCC(O)CCC=CCC=CC(O)C(O)CCCCCC(=O)O,CASMI_MOL_1196889,C18H32O5,0.8655584623409898,1.0,True,
CASMI2022,204,204,FragAnnotor,completed,formal_fixed_component_score_mode,CASMI_MOL_1196995,CC=C(C)C(=O)OC1c2cc(OC)c(OC)c(OC)c2-c2c(cc(OC)c(OC)c2OC)CC(C)C1(C)O,C29H38O9,,,553.239949722027,P,[M+Na]+,,2001,246.0,False,False,False,0.0040650406504065045,CCC1=CC2OC3CC4OC(=O)C=CC=CCC(=O)OCCC(C)C(O)C(=O)OCC2(CC1)C4(C)C31CO1,CASMI_MOL_1063370,C29H38O9,0.8467194478806277,0.12380952380952381,True,
CASMI2022,205,205,FragAnnotor,completed,formal_fixed_component_score_mode,CASMI_MOL_1196996,CC(=O)OC1Cc2ccccc2N(C(N)=O)c2ccccc21,C17H16N2O3,,,297.12325418177,P,[M+H]+,,2001,1411.0,False,False,False,0.0007087172218284905,Cc1ccc(C=CCC(=O)Cc2ccc(C(=O)O)cn2)cn1,CASMI_MOL_1067178,C17H16N2O3,0.8694454445083397,0.09722222222222222,True,
CASMI2022,206,206,FragAnnotor,completed,formal_fixed_component_score_mode,CASMI_MOL_1196927,COc1cc2c(cc1O)CCc1cc(O)cc(OC)c1-2,C16H16O4,,,273.112060546875,P,[M+H]+,,2001,261.0,False,False,False,0.0038314176245210726,CC(F)(F)C(F)(F)C(=O)OCCC1CCOCC1,CASMI_MOL_688961,C11H16F4O3,0.8468035858708022,0.06779661016949153,False,
CASMI2022,207,207,FragAnnotor,completed,formal_fixed_component_score_mode,CASMI_MOL_1196997,CC=CC1Oc2c(C)oc(O)c2C(O)C1O,C11H14O5,,,227.091207796557,P,[M+H]+,,2001,893.0,False,False,False,0.0011198208286674132,COC(=O)C(Cc1ccc(O)c(O)c1)OC,CASMI_MOL_1076539,C11H14O5,0.8551127829520303,0.06779661016949153,True,
CASMI2022,208,208,FragAnnotor,completed,formal_fixed_component_score_mode,CASMI_MOL_1196916,C=CC(=C)CC=CC(CCC=C(C)C)C(=O)O,C15H22O2,,,235.169023595214,P,[M+H]+,,2001,1.0,True,True,True,1.0,C=CC(=C)CC=CC(CCC=C(C)C)C(=O)O,CASMI_MOL_1196916,C15H22O2,0.8576486065879911,1.0,True,
CASMI2022,209,209,FragAnnotor,completed,formal_fixed_component_score_mode,CASMI_MOL_1196904,COc1cc(CCc2cccc(O)c2)cc(O)c1OC,C16H18O4,,,275.127561614585,P,[M+H]+,,2001,1.0,True,True,True,1.0,COc1cc(CCc2cccc(O)c2)cc(O)c1OC,CASMI_MOL_1196904,C16H18O4,0.8490821966231225,1.0,True,
CASMI2022,210,210,FragAnnotor,completed,formal_fixed_component_score_mode,CASMI_MOL_1196998,COc1cc(C=CC(N)=O)ccc1O,C10H11NO3,,,194.081074419737,P,[M+H]+,,2001,1942.0,False,False,False,0.0005149330587023687,CCN1c2ccccc2C(=O)OC1O,CASMI_MOL_1082507,C10H11NO3,0.8717407778214696,0.10909090909090909,True,
CASMI2022,211,211,FragAnnotor,completed,formal_fixed_component_score_mode,CASMI_MOL_1196999,O=C1CCCC2C3CCC[N+]4([O-])CCCC(CN12)C34,C15H24N2O2,,,265.190887245176,P,[M+H]+,,2001,1938.0,False,False,False,0.0005159958720330237,CC(C)C1CN(C(=O)OCC2CCC2)CCC1C#N,CASMI_MOL_1088996,C15H24N2O2,0.8680735270349588,0.10144927536231885,True,
CASMI2022,212,212,FragAnnotor,completed,formal_fixed_component_score_mode,CASMI_MOL_1197000,CC(C)CNC(=O)CC(O)c1ccccc1,C13H19NO2,,,222.148667506899,P,[M+H]+,,2001,1984.0,False,False,False,0.0005040322580645161,Cc1cc(CCOC2CCCCO2)ccn1,CASMI_MOL_1098663,C13H19NO2,0.849009701181355,0.078125,True,
CASMI2022,213,213,FragAnnotor,completed,formal_fixed_component_score_mode,CASMI_MOL_1197001,COc1cc2c(c(O)c1OC)-c1c(cc(OC)c(OC)c1OC)CC(C)C(C)C2,C23H30O6,,,403.211022742836,P,[M+H]+,,2001,361.0,False,False,False,0.002770083102493075,CC(=O)OC1(C(C)=O)CCC2C3CC(CO)c4cc(O)c(O)cc4C3CCC21C,CASMI_MOL_1108242,C23H30O6,0.8479393411421464,0.1232876712328767,True,
CASMI2022,214,214,FragAnnotor,completed,formal_fixed_component_score_mode,CASMI_MOL_1197002,COC(=O)c1cccc2oc3cccc(O)c3c(=O)c12,C15H10O5,,,271.059841928281,P,[M+H]+,,1846,599.0,False,False,False,0.001669449081803005,Oc1cc2c(o1)-c1c(c(O)c3ccccc3c1O)CO2,CASMI_MOL_1117311,C15H10O5,0.8640955178754416,0.13793103448275862,True,
CASMI2022,215,215,FragAnnotor,completed,formal_fixed_component_score_mode,CASMI_MOL_1197003,C=C1CC=CC(CO)C(=O)C=CC(C)(COC(C)=O)CC1O,C17H24O5,,,309.169381324284,P,[M+H]+,,2001,542.0,False,False,False,0.0018450184501845018,CCOC(=O)C(CC)(Cc1cccc(OC)c1)C(=O)OCC,CASMI_MOL_1119155,C17H24O5,0.8489512253547475,0.13513513513513514,True,
CASMI2022,216,216,FragAnnotor,completed,formal_fixed_component_score_mode,CASMI_MOL_1197004,CC1(C)CCc2oc(=O)c3cccc(O)c3c(=O)c2O1,C15H14O5,,,275.091150535382,P,[M+H]+,,2001,598.0,False,False,False,0.0016722408026755853,CCc1coc(-c2ccc(OC)c(C=O)c2)c1C(=O)O,CASMI_MOL_1128606,C15H14O5,0.8591041788347996,0.09333333333333334,True,
CASMI2022,217,217,FragAnnotor,completed,formal_fixed_component_score_mode,CASMI_MOL_1197005,CCCCCCC(O)CC(=O)OC(CCCCCC)CC(=O)OC,C19H36O5,,,367.245134102404,P,[M+Na]+,,2001,205.0,False,False,False,0.004878048780487805,CCCCOCC1OC=C(CO)C(OCCCC)C1OCCCC,CASMI_MOL_1134037,C19H36O5,0.8486634891673583,0.14754098360655737,True,
CASMI2022,218,218,FragAnnotor,completed,formal_fixed_component_score_mode,CASMI_MOL_1197006,O=C(NCc1cccnc1)Nc1ccc([N+](=O)[O-])cc1,C13H12N4O3,,,273.097993820206,P,[M+H]+,,2001,925.0,False,False,False,0.001081081081081081,COc1ccc(Cn2ncc3c(=O)[nH][nH]c(=O)c32)cc1,CASMI_MOL_1138969,C13H12N4O3,0.8707295644392241,0.11594202898550725,True,
CASMI2022,219,219,FragAnnotor,completed,formal_fixed_component_score_mode,CASMI_MOL_1197007,CC(C)CCCCCCCCC(=O)NC(CC(=O)O)C(N)=O,C16H30N2O4,,,315.227363745888,P,[M+H]+,,2001,1135.0,False,False,False,0.000881057268722467,CC(=O)OC(C)C(C)CC=CCNCNC(=O)OC(C)(C)C,CASMI_MOL_1146332,C16H30N2O4,0.8511902841109915,0.12307692307692308,True,
CASMI2022,220,220,FragAnnotor,completed,formal_fixed_component_score_mode,CASMI_MOL_1196917,CC1(C)CCC=C2C=CC(C(=O)O)CCC21C,C15H22O2,,,235.1689207741,P,[M+H]+,,2001,1.0,True,True,True,1.0,CC1(C)CCC=C2C=CC(C(=O)O)CCC21C,CASMI_MOL_1196917,C15H22O2,0.8511803632715975,1.0,True,
CASMI2022,221,221,FragAnnotor,completed,formal_fixed_component_score_mode,CASMI_MOL_1197008,C=C(C(=O)O)C1(O)CC2(C)C(=CC1=O)C=CC(OC(=O)C=CC=CC(C)CC)C2C,C24H30O6,,,415.211006003416,P,[M+H]+,,2001,387.0,False,False,False,0.002583979328165375,CCc1ccc(COC(=O)CCC(=O)OCc2ccc(C(C)(C)OOC)cc2)cc1,CASMI_MOL_1149497,C24H30O6,0.8479224496022867,0.10344827586206896,True,
CASMI2022,222,222,FragAnnotor,completed,formal_fixed_component_score_mode,CASMI_MOL_1197009,COC(=O)C(C)CCCC(C)=CCc1c(OC)c(C)c2coc(O)c2c1O,C21H28O6,,,377.195318456245,P,[M+H]+,,2001,349.0,False,False,False,0.0028653295128939827,CCC(=O)OC1=C(OC)C=C(CCc2ccc(OC)c(OC)c2)CC1OC,CASMI_MOL_1158635,C21H28O6,0.8471042632568361,0.10989010989010989,True,
CASMI2022,223,223,FragAnnotor,completed,formal_fixed_component_score_mode,CASMI_MOL_1197010,CCC(C)=CC(C)=CCC(=O)OC1=CC=C2CC(=O)C(=O)CC2(C)C1C,C22H28O4,,,357.205526462194,P,[M+H]+,,2001,473.0,False,False,False,0.0021141649048625794,COC1c2cc(O)c(C(C)C)cc2C(OC)c2cc(C(C)C)c(O)cc21,CASMI_MOL_1167876,C22H28O4,0.8471954654634268,0.10144927536231885,True,
CASMI2022,224,224,FragAnnotor,completed,formal_fixed_component_score_mode,CASMI_MOL_1197011,O=[N+]([O-])NC1=NCCN1Cc1ccc(Cl)nc1,C9H10ClN5O2,,,256.059356689453,P,[M+H]+,,2001,201.0,False,False,False,0.004975124378109453,CCn1nc(-c2ccnn2C)c([N+](=O)[O-])c1Cl,CASMI_MOL_1176924,C9H10ClN5O2,0.8582653360014909,0.2,True,
CASMI2022,225,225,FragAnnotor,completed,formal_fixed_component_score_mode,CASMI_MOL_1197012,COc1c(O)c(OC)c2oc(-c3ccccc3O)cc(=O)c2c1O,C17H14O7,,,331.080666792507,P,[M+H]+,,2001,214.0,False,False,False,0.004672897196261682,CC1OC2=C3C(=O)c4cccc(O)c4C(=O)C3OC2(C)C1(O)C=O,CASMI_MOL_1179616,C17H14O7,0.8652947018808723,0.1917808219178082,True,
CASMI2022,226,226,FragAnnotor,completed,formal_fixed_component_score_mode,CASMI_MOL_1197013,CC1CCC2C(C)C(NC(=O)C3OC3C)OC(=O)C12,C14H21NO4,,,268.154041428283,P,[M+H]+,,2001,1256.0,False,False,False,0.0007961783439490446,CC(C)(C)CCCC(=O)OCCN1C(=O)C=CC1=O,CASMI_MOL_1185769,C14H21NO4,0.8597141333354363,0.09230769230769231,True,
CASMI2022,227,227,FragAnnotor,completed,formal_fixed_component_score_mode,CASMI_MOL_1197014,CC(C)C(C)C=CC(C)C1CCC2C3=C(CCC21C)C1(C)CCC(O)C=C1CC3=O,C28H42O2,,,411.3252119159,P,[M+H]+,,1329,734.0,False,False,False,0.0013623978201634877,CC(C=O)=C(C)CCC(C)C1CCC2C3CCC4C=CCC(=O)C4(C)C3CCC12C,CASMI_MOL_1195465,C28H42O2,0.8475752192029234,0.20652173913043478,True,
CASMI2022,228,228,FragAnnotor,completed,formal_fixed_component_score_mode,CASMI_MOL_1196957,Oc1ccc(C2COc3cc(O)ccc3C2)cc1,C15H14O3,,,243.101499946407,P,[M+H]+,,2001,1.0,True,True,True,1.0,Oc1ccc(C2COc3cc(O)ccc3C2)cc1,CASMI_MOL_1196957,C15H14O3,0.8498821351981705,1.0,True,
